ID,City,State,Zip Code,lat,lon,Industry Type (subparts),Industry Type (sectors),total,size
1013147,Herlong,CA,96113,40.15,-120.12,HH,Waste,173.5,1
1003804,CANTON,OH,44706,40.74,-81.4,HH,Waste,628.25,1
1007700,Erie,CO,80516,40.02,-105.03,HH,Waste,702,1
1007550,HALIFAX,MA,2338,41.99,-70.9,HH,Waste,734.75,1
1004364,WATSONVILLE,CA,95076,36.91,-121.83,HH,Waste,815.75,1
1005821,Saginaw,MI,48609,43.44,-84.07,"C,HH",Waste,872.798,1
1003586,PORT ORCHARD,WA,98367,47.5,-122.78,HH,Waste,896.25,1
1006418,CHEBANSE,IL,60922,41.03,-87.87,HH,Waste,896.75,1
1007953,BORDENTOWN,NJ,8505,40.13,-74.71,"C,HH",Waste,916.7,1
1007575,Conroe,TX,77301,30.31,-95.43,HH,Waste,917.5,1
1005865,PALO ALTO,CA,94303,37.45,-122.1,HH,Waste,1090.75,1
1007225,Mt. Holly,NJ,8060,39.98,-74.77,HH,Waste,1123.75,1
1003587,BARRE,MA,1005,42.39,-72.08,HH,Waste,1140.25,1
1006348,CHARLESTON,IL,61920,39.5,-88.29,HH,Waste,1237.75,1
1002446,PORTLAND,OR,97203,45.6,-122.76,HH,Waste,1441.25,1
1001595,Kailua,HI,96734,21.38,-157.77,HH,Waste,1471.25,1
1006117,BILOXI,MS,39532,30.5,-88.94,HH,Waste,1549,1
1007685,GRANBY,MA,1033,42.22,-72.55,HH,Waste,1588.75,1
1006285,MILAN,IL,61264,41.38,-90.51,HH,Waste,1633.25,1
1013940,Byhalia,MS,38611,34.99,-89.65,HH,Waste,1700.25,1
1007015,Fresno,CA,93706,36.69,-119.95,HH,Waste,1949.5,1
1006088,AKRON,OH,44313,41.15,-81.56,HH,Waste,2276.25,1
1007712,BROKEN ARROW,OK,74014,36.09,-95.73,HH,Waste,2394.25,1
1003800,SAN LEANDRO,CA,94577,37.71,-122.19,"C,HH",Waste,2402.946,1
1004561,FORT WORTH,TX,76117,32.79,-97.24,HH,Waste,2543,1
1003867,WINDSOR,CT,6095,41.89,-72.71,"C,HH",Waste,2728.25,1
1004646,Dallas,TX,75253,32.69,-96.63,HH,Waste,2898.25,1
1007701,MORRIS,IL,60450,41.37,-88.41,"C,HH",Waste,2930,1
1011716,Hanford,CA,93230,36.31,-119.6,HH,Waste,3036,1
1004707,MANASSAS,VA,20112,38.63,-77.43,"C,HH",Waste,3050.05,1
1003611,JOSEPH CITY,AZ,86032,35,-110.34,HH,Waste,3356.75,1
1007558,SAN DIEGO,CA,92111,32.84,-117.15,HH,Waste,3419.75,1
1003744,BEECHER,IL,60401,41.38,-87.64,HH,Waste,3448,1
1003034,AUBURN,NY,13021,42.95,-76.59,"C,HH",Waste,3461.598,1
1002094,BLOOMINGTON,IL,61704,40.47,-89.03,HH,Waste,3493.25,1
1006215,SAN MARCOS,CA,92069,33.1,-117.18,HH,Waste,3508.75,1
1003871,Sugar Creek,MO,64050,39.14,-94.4,"C,HH",Waste,3558.6,1
1005633,ERIE,CO,80516,40.02,-105.03,HH,Waste,3605.25,1
1003509,GRANITE CITY,IL,62040,38.75,-90.16,HH,Waste,3775.75,1
1004600,MICHIGAN CITY,IN,46360,41.65,-86.9,"C,HH",Waste,3802.45,1
1007888,Macon,GA,31211,32.82,-83.51,HH,Waste,3818.5,1
1007907,LITTLETON,CO,80126,39.56,-104.93,HH,Waste,3926.75,1
1005092,Oxnard,CA,93036,34.22,-119.22,HH,Waste,3965.25,1
1004557,PLAINVILLE,MA,2762,42.04,-71.3,"C,HH",Waste,4099.45,1
1003556,POTTSTOWN,PA,19464,40.27,-75.65,"C,HH",Waste,4566.796,1
1003275,WASHINGTON,WV,26181,39.26,-81.68,TT,Waste,4593,1
1004403,PORTERVILLE,CA,93257,36.02,-119.1,HH,Waste,4745.75,1
1003532,TAUNTON,MA,2780,41.92,-71.09,HH,Waste,4757.25,1
1004384,Puyallup,WA,98375,47.1,-122.29,HH,Waste,5079.5,2
1005893,LINN,TX,78563,26.58,-98.19,HH,Waste,5241.25,2
1005530,KANE,PA,16735,41.67,-78.64,"C,HH",Waste,5370.8,2
1005898,LITTLE ROCK,AR,72209,34.71,-92.33,HH,Waste,5436,2
1004309,KANSAS CITY,KS,66102,39.11,-94.69,HH,Waste,5489.75,2
1010391,Middleborough,MA,2346,41.93,-70.83,"C,HH",Waste,5610.25,2
1003031,CONSTABLE,NY,12926,44.98,-74.34,"C,HH",Waste,5629.698,2
1007836,FREMONT,CA,94538,37.5,-121.99,HH,Waste,5798.75,2
1007975,LEEPER,PA,16233,41.39,-79.29,"C,HH",Waste,5846.15,2
1007691,Library,PA,15129,40.28,-79.99,"C,HH",Waste,5897.15,2
1008115,DOLTON,IL,60419,41.64,-87.59,HH,Waste,5909.75,2
1006550,SNOHOMISH,WA,98296,47.86,-122.12,"C,HH",Waste,5936.348,2
1007669,CHICOPEE,MA,1020,42.17,-72.54,"C,HH",Waste,6254.398,2
1007589,MACOMB,IL,61455,40.48,-90.64,"C,HH",Waste,6465.798,2
1006204,EAST PEORIA,IL,61611,40.68,-89.51,"C,HH",Waste,6799.592,2
1004310,NEW HUDSON,MI,48165,42.51,-83.62,HH,Waste,6863.75,2
1013635,Clarkston,UT,84305,41.93,-112.05,HH,Waste,6917.5,2
1004882,SANTA MARIA,CA,93454,34.95,-120.38,"C,HH",Waste,6943.15,2
1002469,MEXIA,TX,76667,31.61,-96.5,HH,Waste,6995,2
1010207,City of Redlands,CA,92373,34.09,-117.22,HH,Waste,7000,2
1003588,NORTHBROOK,IL,60062,42.11,-87.81,"C,HH",Waste,7019.438,2
1007611,FROSTBURG,MD,21532,39.61,-78.92,HH,Waste,7103,2
1007991,FORT MYERS,FL,33913,26.61,-81.76,HH,Waste,7238.75,2
1007647,WEST SUNBURY,PA,16061,41.02,-79.9,"C,HH",Waste,7247.594,2
1007026,BRIDGETON,MO,63044,38.77,-90.45,"C,HH",Waste,7281.842,2
1007688,ELIZABETH,PA,15037,40.25,-79.89,"C,HH",Waste,7446.75,2
1005900,DONNA,TX,78537,26.23,-98.03,HH,Waste,7691,2
1002091,LITCHFIELD,IL,62056,39.18,-89.65,"C,HH",Waste,7729.3,2
1003742,WESTCHESTER,IL,60154,41.83,-87.92,"C,HH",Waste,7750.748,2
1004484,PORT CLINTON,OH,43452,41.52,-83.02,"C,HH",Waste,7814.45,2
1006390,East Brunswick,NJ,8816,40.47,-74.39,HH,Waste,7882.25,2
1001991,ADRIAN,MI,49221,41.89,-84.06,HH,Waste,8227.5,2
1003395,WALNUT,CA,91789,34.04,-117.82,HH,Waste,8233,2
1006289,HILLSIDE,IL,60162,41.87,-87.89,"C,HH",Waste,8328.894,2
1004355,POPLAR BLUFF,MO,63902,36.89,-90.31,HH,Waste,8370.25,2
1007987,CORAL,PA,15731,40.49,-79.15,"C,HH",Waste,8478.048,2
1004354,MORROW,OH,45152,39.36,-84.17,HH,Waste,8513.5,2
1006277,LAS VEGAS,NV,89124,36.14,-115,HH,Waste,8535.25,2
1006173,WAIKOLOA,HI,96738,19.9,-155.88,HH,Waste,8672.25,2
1003283,WHITE PLAINS,KY,42464,37.15,-87.4,HH,Waste,8963.25,2
1006229,CONLEY,GA,30288,33.67,-84.34,HH,Waste,9006.25,2
1007932,SUMPTER TWP,MI,48111,42.11,-83.49,HH,Waste,9217.75,2
1007840,Aledo,TX,76008,32.71,-97.53,"C,HH",Waste,9541.812,2
1004321,Hopewell,PA,16650,40.13,-78.2,"C,HH",Waste,9553.748,2
1003743,DES PLAINES,IL,60016,42.07,-87.89,HH,Waste,9601.75,2
1007802,Bloomington,TX,77951,28.69,-96.91,HH,Waste,9655.5,2
1002564,DAVENPORT,IA,52804,41.47,-90.69,"C,HH",Waste,9732.6,2
1007580,JACKSON,MI,49201,42.29,-84.36,"C,HH",Waste,9758.1,2
1002491,CINCINNATI,OH,45232,39.19,-84.5,"C,HH",Waste,9943.5,2
1005064,WASHINGTON,UT,84780,37.14,-113.46,HH,Waste,9958.25,2
1003029,CANASTOTA,NY,13032,43.03,-75.71,"C,HH",Waste,9976,2
1002340,LAGRANGE,GA,30241,33.05,-84.96,HH,Waste,10360.25,2
1005619,TACOMA,WA,98409,47.23,-122.5,HH,Waste,10377.75,2
1004255,Roseboro,NC,28382,34.96,-78.45,HH,Waste,10767.25,2
1011676,Clearlake,CA,95422,38.95,-122.61,HH,Waste,10852.75,2
1007666,Russellville,KY,42276,36.89,-86.91,HH,Waste,10903.25,2
1007718,DAVIDSVILLE,PA,15928,40.23,-78.92,"C,HH",Waste,10945.148,2
1004558,ATWATER,OH,44201,41.02,-81.1,HH,Waste,10983,2
1000215,LEGGETT,TX,77350,30.83,-94.92,HH,Waste,11004,2
1004082,IRVINE,KY,40336,37.71,-83.98,"C,HH",Waste,11032.25,2
1006280,PHOENIX,AZ,85009,33.42,-112.12,HH,Waste,11050,2
1005782,WHITTIER,CA,90602,33.98,-118.02,HH,Waste,11103.5,2
1007686,CAIRNBROOK,PA,15924,40.12,-78.8,"C,HH",Waste,11173.25,2
1002786,LEBANON,PA,17046,40.36,-76.49,"C,HH",Waste,11262.2,2
1004559,CONLEY,GA,30288,33.66,-84.34,HH,Waste,11262.25,2
1006979,BALWIN,MO,63021,38.56,-90.53,HH,Waste,11405.25,2
1004673,INDEPENDENCE,LA,70443,30.69,-90.57,HH,Waste,11561,2
1005225,CASPER,WY,82601,42.87,-106.28,"C,HH",Waste,11877.25,2
1007721,HASTINGS,MI,49058,42.68,-85.29,"C,HH",Waste,11887.2,2
1004402,Tulare,CA,93274,36.15,-119.23,HH,Waste,11911.75,2
1003454,PUEBLO,CO,81005,38.22,-104.71,"C,HH",Waste,11941.95,2
1007963,WELLTON,AZ,85356,32.65,-114.04,"C,HH",Waste,12045.798,2
1003622,WILLIAMSTOWN,KY,41097,38.62,-84.53,"C,HH",Waste,12070.7,2
1006661,BOULDER,CO,80303,39.95,-105.2,HH,Waste,12086.75,2
1006744,Plainfield,IL,60585,41.68,-88.24,"C,HH",Waste,12126.4,2
1002004,Glen Burnie,MD,21060,39.19,-76.61,HH,Waste,12147.5,2
1003813,MODESTO,CA,95351,37.63,-120.85,HH,Waste,12158.75,2
1002086,HURRICANE,WV,25526,38.43,-82.02,HH,Waste,12397.5,2
1002493,BATAVIA,IL,60510,41.87,-88.29,"C,HH",Waste,12401.318,2
1007736,Eureka,CA,95503,40.76,-124.09,HH,Waste,12493,2
1011257,Charlottesville,VA,22903,38.02,-78.65,HH,Waste,12641.25,2
1007720,FREDERIC,MI,49733,44.85,-84.67,"C,HH",Waste,12763.444,2
1002436,BINGHAMTON,NY,13905,42.24,-75.99,"C,HH",Waste,12793.7,2
1002208,SARONA,WI,54870,45.7,-91.84,"C,HH",Waste,12841.6,2
1010389,Juneau,AK,99801,58.35,-134.5,"C,HH",Waste,12903.844,2
1003625,RACINE,WI,53406,42.71,-87.86,"C,HH",Waste,12905.5,2
1005254,SOUTHBRIDGE,MA,1550,42.11,-72.03,"C,HH",Waste,13204.538,2
1007902,SOLON,OH,44139,41.37,-81.47,HH,Waste,13271.25,2
1007028,MANISTEE,MI,49660,44.19,-86.26,"C,HH",Waste,13325.648,2
1003621,SHAWNEE,OK,74801,35.35,-96.8,HH,Waste,13329,2
1006747,AUSTIN,TX,78754,30.33,-97.62,HH,Waste,13339,2
1007586,JOHNSTOWN,PA,15909,40.45,-78.91,"C,HH",Waste,13503.496,2
1006207,Naperville,IL,60565,41.73,-88.08,"C,HH",Waste,13599.566,2
1003028,BATH,NY,14810,42.32,-77.38,"C,HH",Waste,13641.948,2
1000473,Dubuque,IA,52003,42.51,-90.68,"C,HH",Waste,13708.8,2
1006033,ROCHESTER,MN,55901,44.04,-92.58,HH,Waste,13736.5,2
1010128,Bastrop,LA,71220,32.78,-91.91,TT,Waste,14138.75,2
1007892,WELLFORD,SC,29385,34.93,-82.08,"C,HH",Waste,14145.75,2
1006283,JOHNSTON,RI,2919,41.8,-71.52,"C,HH",Waste,14257.696,2
1007769,RIO RANCHO,NM,87124,35.28,-106.67,HH,Waste,14387,2
1008012,CALUMET CITY,IL,60409,41.64,-87.57,"C,HH",Waste,14393.996,2
1012955,Northumberland,NY,12831,43.19,-73.61,"C,HH",Waste,14531.444,2
1003521,CONESTOGA,PA,17516,39.96,-76.44,"C,HH",Waste,14648.8,2
1002581,TOLEDO,OH,43611,41.7,-83.49,"C,HH",Waste,14700.4,2
1001639,WINSLOW,IN,47598,38.32,-87.21,"C,HH",Waste,14725.942,2
1007652,FRANKFORT,NY,13340,43.07,-75.13,HH,Waste,15318.25,2
1007826,Harrisonburg,VA,22801,38.4,-78.9,"C,HH",Waste,15333.75,2
1001642,MOREHEAD,KY,40351,38.18,-83.55,"C,HH",Waste,15362.742,2
1003626,EVANSVILLE,IN,47720,38.04,-87.59,HH,Waste,15505.75,2
1005412,LONGVIEW,WA,98632,46.11,-122.91,HH,Waste,15761.75,2
1002588,VERO BEACH,FL,32968,27.58,-80.48,HH,Waste,15782,2
1003623,THREE OAKS,MI,49128,41.78,-86.65,"C,HH",Waste,15858.25,2
1007728,CARSONVILLE,MI,48419,43.44,-82.73,"C,HH",Waste,15863.6,2
1007291,MARRIOTTSVILLE,MD,21104,39.31,-76.9,"C,HH",Waste,16060.442,2
1007951,SUN VALLEY,CA,91352,34.24,-118.38,"C,HH",Waste,16119.596,2
1004548,Visalia,CA,93291,36.39,-119.39,HH,Waste,16209.5,2
1006746,Sinton,TX,78387,28.02,-97.56,HH,Waste,16413.5,2
1005032,MANKATO,MN,56001,44.12,-94.09,"C,HH",Waste,16602.198,2
1006135,MINDEN,LA,71055,32.63,-93.39,HH,Waste,16692.5,2
1006464,FOUNTAIN,CO,80817,38.68,-104.63,"C,HH",Waste,16736.75,2
1001935,SPRINGFIELD,NE,68059,41.1,-96.16,"C,HH",Waste,16759.8,2
1007633,HANOVER PARK,IL,60133,41.95,-88.14,"C,HH",Waste,16824.9,2
1013905,Templeton,CA,93465,35.52,-120.64,"C,HH",Waste,16836.75,2
1009137,North Arlington,NJ,7031,40.78,-74.12,"C,HH",Waste,16929.9,2
1002593,NORTHAMPTON,MA,1060,42.29,-72.72,"C,HH",Waste,16952,2
1003614,Sherman,TX,75091,33.58,-96.53,HH,Waste,17034.75,2
1007673,LAKE MILLS,IA,50450,43.39,-93.57,"C,HH",Waste,17108.4,2
1007813,MOUNT VERNON,AL,36560,31.05,-88.04,HH,Waste,17206.5,2
1007007,College Park Road,GA,30349,33.67,-84.57,HH,Waste,17210.25,2
1011669,Clovis,CA,93612,36.94,-119.69,HH,Waste,17272.5,2
1007073,BAYLIS,IL,62314,39.72,-90.84,"C,HH",Waste,17487.35,2
1007935,GREENCASTLE,PA,17225,39.8,-77.81,"C,HH",Waste,17490.394,2
1004308,EDEN PRAIRIE,MN,55347,44.83,-93.45,HH,Waste,17685.5,2
1001568,CURTIS BAY,MD,21226,39.21,-76.56,HH,Waste,17796.5,2
1003104,Wheeling,WV,26058,40.16,-80.64,"C,HH",Waste,17872.498,2
1005165,MERIDIAN,MS,39301,32.38,-88.61,HH,Waste,17951,2
1007579,COSHOCTON,OH,43812,40.22,-81.83,HH,Waste,18124,2
1007854,CELESTE,TX,75423,33.18,-96.13,HH,Waste,18309.75,2
1004013,MISSOULA,MT,59802,46.9,-114.01,"C,HH",Waste,18346.85,2
1006201,ELOY,AZ,85231,32.77,-111.32,"C,HH",Waste,18362.498,2
1010309,Blountville,TN,37617,36.51,-82.39,TT,Waste,18405,2
1005524,Chapel Hill,NC,27516,35.97,-79.08,HH,Waste,18419.75,2
1004868,LOMPOC,CA,93436,34.63,-120.48,HH,Waste,18679.5,2
1004052,PARADISE,CA,95969,39.68,-121.73,HH,Waste,19086.5,2
1002168,COLUMBUS,IN,47201,39.22,-85.8,HH,Waste,19097.75,2
1003411,ALDERSON,OK,74522,34.89,-95.69,HH,Waste,19149.75,2
1007705,WEYERHAEUSER,WI,54895,45.45,-91.36,"C,HH",Waste,19217.842,2
1011371,Woodland,CA,95776,38.59,-121.68,HH,Waste,19333.5,2
1004980,FORT MOHAVE,AZ,86426,35.02,-114.51,"C,HH",Waste,19509.596,2
1003361,ROLLING HILLS ESTATES,CA,90274,33.79,-118.35,HH,Waste,19513,2
1001633,RAGLAND,AL,35131,33.68,-86.25,HH,Waste,19703.25,2
1003505,BLOOMINGTON,IN,47408,39.28,-86.47,HH,Waste,19789.5,2
1002090,OTTAWA,IL,61350,41.34,-88.91,"C,HH",Waste,19999.4,2
1007584,HEDGESVILLE,WV,25427,39.57,-77.98,"C,HH",Waste,20000.35,3
1003466,CAVE CREEK,AZ,85331,33.8,-111.99,HH,Waste,20011.5,3
1007742,GLENCOE,MN,55336,44.82,-94.25,"C,HH",Waste,20150.648,3
1003328,AVENAL,CA,93204,36.01,-120.12,HH,Waste,20199.75,3
1005462,Gloversville,NY,12078,43.05,-74.31,HH,Waste,20204.5,3
1003693,STANFORD,KY,40484,37.46,-84.67,"C,HH",Waste,20230.85,3
1004692,REDLANDS,CA,92373,34.01,-117.22,HH,Waste,20272,3
1003692,FORT WAYNE,IN,46809,41.04,-85.21,"C,HH",Waste,20389.2,3
1007332,ELKHART,IN,46517,41.63,-85.98,HH,Waste,20486.25,3
1007681,Danville,AR,72833,35.09,-93.21,HH,Waste,20498,3
1007614,Pine Bluff,AR,71603,34.2,-92.1,HH,Waste,20520.75,3
1005478,Gary,IN,46402,41.58,-87.41,HH,Waste,20558.25,3
1006216,Merced,CA,95348,37.39,-120.5,HH,Waste,20565.5,3
1004897,NEW CASTLE,DE,19720,39.71,-75.53,HH,Waste,20667.75,3
1003412,LA GRANGE,MO,63448,40.02,-91.52,HH,Waste,20860.5,3
1002096,SPRINGFIELD,IL,62707,39.86,-89.61,"C,HH",Waste,20880.8,3
1005259,MORRISONVILLE,NY,12962,44.69,-73.59,"C,HH",Waste,21124.008,3
1004691,COLTON,CA,92324,34.05,-117.34,HH,Waste,21143.75,3
1010110,Chillicothe,OH,45601,39.25,-82.99,TT,Waste,21188.5,3
1002558,EASTOVER,SC,29044,34.01,-80.68,HH,Waste,21203,3
1003667,Roanoke,VA,24014,37.25,-79.86,HH,Waste,21264.75,3
1003456,WASHINGTON,PA,15301,40.21,-80.26,"C,HH",Waste,21432.254,3
1007944,EAST CARBON,UT,84520,39.54,-110.47,"C,HH",Waste,21543.498,3
1007096,STAFFORD,VA,22554,38.38,-77.41,"C,HH",Waste,21565.8,3
1001668,Lake Worth,FL,33467,26.59,-80.19,HH,Waste,21607.5,3
1002473,Robstown,TX,78380,27.72,-97.65,HH,Waste,21621.75,3
1001844,MC CLELLANDTOWN,PA,15458,39.89,-79.84,"C,HH",Waste,21671.1,3
1007841,LANCASTER,CA,93535,34.75,-118.12,"C,HH",Waste,21722.8,3
1007834,WHITELAW,WI,54247,44.17,-87.83,"C,HH",Waste,21747.67,3
1007266,CAYUGA,IN,47928,39.91,-87.42,II,Waste,21958.25,3
1006260,LEWISBURG,TN,37091,35.46,-86.84,"C,HH",Waste,22000.794,3
1004894,JOHNSTOWN,NY,12095,43.01,-74.48,"C,HH",Waste,22009.748,3
1003105,AMANDA,OH,43102,39.59,-82.71,"C,HH",Waste,22125.15,3
1003994,Sawyer,ND,58781,47.97,-101.09,TT,Waste,22578.5,3
1005820,CENTERPOINT,IN,47840,39.48,-86.99,HH,Waste,22612,3
1001993,PINCONNING,MI,48650,43.9,-83.95,"C,HH",Waste,22619.948,3
1010184,Mobile,AL,36610,30.75,-88.05,TT,Waste,22632,3
1006090,RIDGELAND,SC,29936,32.4,-80.93,"C,HH",Waste,22644.05,3
1005397,JONESBORO,AR,72403,35.72,-90.68,HH,Waste,22665,3
1004261,PHOENIX,AZ,85027,33.71,-112.13,HH,Waste,22733.75,3
1003357,Monroe,LA,71213,32.48,-91.99,"C,HH",Waste,22770.5,3
1007808,CHERRYVALE,KS,67335,37.22,-95.58,"C,HH",Waste,22774.55,3
1006251,TAYLORVILLE,IL,62568,39.56,-89.37,"C,HH",Waste,22904.37,3
1010671,Broadview Heights,OH,44147,41.31,-81.66,HH,Waste,22910.25,3
1007062,UNION CITY,TN,38261,36.4,-89.15,"C,HH",Waste,22952.75,3
1005356,PRINEVILLE,OR,97754,44.3,-120.92,HH,Waste,22978.25,3
1003624,JEFFERSON CITY,MO,65101,38.54,-92.1,"C,HH",Waste,23056.8,3
1007704,BERLIN,WI,54923,43.96,-88.91,"C,HH",Waste,23117.232,3
1006293,ONTARIO,CA,91761,34.04,-117.56,HH,Waste,23295.75,3
1010987,Greenville,NC,27834,35.6,-77.43,HH,Waste,23390.5,3
1006597,CALLAHAN,FL,32011,30.6,-81.82,HH,Waste,23426.25,3
1007224,OSHKOSH,WI,54901,44.09,-88.55,"C,HH,TT",Waste,23511.534,3
1002514,HOUSTON,TX,77016,29.87,-95.27,HH,Waste,23565.25,3
1006964,EAU CLAIRE,WI,54703,44.84,-91.37,"C,HH",Waste,23622.15,3
1007726,Bristol,WI,53104,42.58,-88.04,"C,HH",Waste,23687.614,3
1007858,Fort Worth,TX,76103,32.77,-97.26,HH,Waste,23709.75,3
1005026,LaGrange,NC,28551,35.29,-77.71,HH,Waste,23987.75,3
1007692,IRWIN,PA,15642,40.39,-79.68,"C,HH",Waste,23991.3,3
1002799,Tucson,AZ,85756,32.12,-110.88,HH,Waste,23995.5,3
1001845,WISCONSIN RAPIDS,WI,54495,44.41,-89.85,"C,HH",Waste,24192.496,3
1002224,CAMP PENDLETON (MIL RES),CA,92055,33.02,-116.84,HH,Waste,24226.75,3
1000216,Kekaha,HI,96752,21.98,-159.74,HH,Waste,24416.5,3
1006858,Atlanta,GA,30318,33.79,-84.46,HH,Waste,24598.75,3
1006221,WATSONVILLE,CA,95076,36.92,-121.82,HH,Waste,24957.25,3
1007988,ATHENS,TN,37303,35.39,-84.59,HH,Waste,24999,3
1003812,IOWA CITY,IA,52246,41.65,-91.63,"C,HH",Waste,25069.598,3
1007001,EUGENE,OR,97405,43.96,-123,HH,Waste,25169.25,3
1001581,Far Rockaway,NY,11691,40.6,-73.76,HH,Waste,25174,3
1006910,Fulton,NY,13069,43.35,-76.43,C,Waste,25204.616,3
1013587,Beatrice,NE,68310,40.22,-96.77,HH,Waste,25275,3
1006758,GOLDEN,CO,80403,39.86,-105.23,HH,Waste,25425.25,3
1007859,TULLAHOMA,TN,37388,35.39,-86.31,HH,Waste,25811.75,3
1007284,Sawyer,ND,58781,47.98,-101.1,"C,HH",Waste,25847.498,3
1010769,Lexington,NE,68850,40.95,-99.75,"C,HH",Waste,25853.85,3
1004242,LAUGHLIN,NV,89028,35.08,-114.64,"C,HH",Waste,25883.2,3
1007646,NORRIDGEWOCK,ME,4957,44.71,-69.85,"C,HH",Waste,25912.336,3
1012394,Grovetown,GA,30813,33.49,-82.24,HH,Waste,26126,3
1005715,Carver,MA,2330,41.81,-70.72,"C,HH",Waste,26233.05,3
1006197,IMPERIAL,CA,92251,32.85,-115.48,HH,Waste,26325.5,3
1009930,Buttonwillow,CA,93206,35.4,-119.61,TT,Waste,26436,3
1010845,Croton-on-Hudson,NY,10520,41.2,-73.89,"C,HH",Waste,26482.4,3
1004235,SWEDESBORO,NJ,8085,39.71,-75.28,"C,HH",Waste,26519.2,3
1002183,GEORGETOWN,DE,19947,38.6,-75.43,HH,Waste,26565,3
1003612,FLORENCE,AZ,85232,33.01,-111.43,HH,Waste,26601.25,3
1004026,DANVILLE,IL,61832,40.1,-87.6,"C,HH",Waste,26636.1,3
1004423,Greenville,SC,29607,34.81,-82.33,HH,Waste,26659,3
1002555,CAREY,OH,43316,40.91,-83.33,"C,HH",Waste,27069.85,3
1002716,BIRDSBORO,PA,19508,40.3,-75.91,"C,HH",Waste,27160.498,3
1006303,MILLINGTON,TN,38053,35.32,-89.95,"C,HH",Waste,27266.35,3
1002699,POCATELLO,ID,83204,42.79,-112.37,"C,HH",Waste,27340.812,3
1005697,MODOC,IN,47358,40.08,-85.11,"C,HH",Waste,27668.636,3
1004003,APACHE JUNCTION,AZ,85219,33.38,-111.53,HH,Waste,27743.75,3
1007634,TULLYTOWN,PA,19007,40.13,-74.8,"C,HH",Waste,27791.514,3
1005860,MORA,MN,55051,45.85,-93.35,"C,HH",Waste,27812.3,3
1005214,GREENSBURG,IN,47240,39.35,-85.62,"C,HH",Waste,27822.834,3
1010982,Winterset,IA,50273,41.33,-94.03,HH,Waste,27952.5,3
1004240,BUCKEYE,AZ,85326,33.22,-112.64,HH,Waste,28139,3
1007729,HARRISON,MI,48625,44,-84.8,"C,HH",Waste,28194.276,3
1004797,PITTSFIELD,MA,1201,42.47,-73.19,C,Waste,28212.016,3
1004840,Burley,ID,83318,42.46,-114.01,"C,HH",Waste,28251.74,3
1002391,Narvon,PA,17555,40.11,-75.95,"C,HH",Waste,28270.1,3
1003044,SAN ANGELO,TX,76905,31.51,-100.39,HH,Waste,28389,3
1002684,WATERVLIET,MI,49098,42.17,-86.28,"C,HH",Waste,28560.6,3
1007890,PASS CHRISTIAN,MS,39571,30.43,-89.27,"C,HH",Waste,28566.5,3
1001925,SAINT JOSEPH,MO,64507,39.67,-94.77,"C,HH",Waste,28592.35,3
1007853,Powderly,TX,75473,33.78,-95.57,HH,Waste,28668.25,3
1007855,NAPLES,FL,34117,26.17,-81.66,"C,HH",Waste,28741.704,3
1005368,RED BLUFF,CA,96080,40.2,-122.29,HH,Waste,28806,3
1002705,Pampa,TX,79065,35.58,-100.93,HH,Waste,28831.5,3
1007060,Warrensburg,MO,64093,38.72,-93.67,"C,HH",Waste,28840.35,3
1007397,ORANGE,VA,22960,38.24,-78.03,HH,Waste,28845.25,3
1007690,SPIRIT LAKE,IA,51360,43.37,-95.08,"C,HH",Waste,28864.1,3
1010299,Cantonment,FL,32533,30.6,-87.38,TT,Waste,28866.25,3
1007683,ROBINSONVILLE,MS,38664,34.79,-90.25,"C,HH",Waste,28944.898,3
1007581,LOGANSPORT,IN,46947,40.72,-86.35,"C,HH",Waste,29045.176,3
1006021,ELMIRA,NY,14901,42.03,-76.68,"C,HH",Waste,29051.9,3
1000522,OMAHA,NE,68142,41.34,-96.11,HH,Waste,29170.5,3
1007896,JACKSONVILLE,AR,72076,34.83,-92.16,"C,HH",Waste,29185.884,3
1007797,WALKER,LA,70785,30.5,-90.83,"C,HH",Waste,29280.134,3
1007709,AURORA,CO,80018,39.65,-104.72,"C,HH",Waste,29311.008,3
1004164,Somerset,PA,15501,39.98,-78.98,HH,Waste,29321.75,3
1004803,Kapolei,HI,96707,21.35,-158.06,"C,HH",Waste,29416.55,3
1002307,RINGLE,WI,54471,44.92,-89.44,"C,HH",Waste,29481.75,3
1002649,CHURCH HILL,TN,37642,36.53,-82.72,"C,HH",Waste,29534.398,3
1010983,Marshalltown,IA,50158,42.03,-92.98,HH,Waste,29576.5,3
1004149,PORTER,OK,74454,35.88,-95.56,HH,Waste,29675.75,3
1008000,YORK,SC,29745,34.97,-81.2,HH,Waste,30006.75,3
1013081,Madison Heights,VA,24521,37.48,-79.04,HH,Waste,30036,3
1006182,SULPHUR,KY,40070,38.5,-85.29,"C,HH",Waste,30056.2,3
1007794,KETTLEMAN CITY,CA,93239,35.96,-120.01,"C,HH",Waste,30230.2,3
1004587,WEST BABYLON,NY,11704,40.72,-73.35,HH,Waste,30339.25,3
1007897,BALDWIN,FL,32234,30.23,-82,"C,HH",Waste,30367.434,3
1003986,BRIMFIELD,IL,61517,40.74,-89.8,"C,HH",Waste,30500.59,3
1007040,LIVERMORE,CA,94550,37.75,-121.72,HH,Waste,30595.5,3
1002634,GAVIOTA,CA,93117,34.48,-120.13,HH,Waste,30743.25,3
1007671,PORTLAND,IN,47371,40.38,-85.09,"C,HH",Waste,30795.218,3
1004475,ALEXANDRIA,MN,56308,45.87,-95.37,C,Waste,30920.372,3
1003038,MACON,MO,63552,39.73,-92.54,"C,HH",Waste,30997.5,3
1011612,Vermillion,SD,57069,42.88,-96.99,"C,HH",Waste,30997.648,3
1006178,ANN ARBOR,MI,48108,42.23,-83.7,HH,Waste,31016.25,3
1005730,STILLWATER,OK,74075,36.2,-97.04,HH,Waste,31122.25,3
1011466,Ramsey,MN,55303,45.24,-93.43,HH,Waste,31172.75,3
1006340,PERHAM,MN,56573,46.59,-95.56,C,Waste,31176.618,3
1003207,ONEIDA,TN,37841,36.55,-84.49,HH,Waste,31237,3
1003543,FORT LAUDERDALE,FL,33332,26.03,-80.42,HH,Waste,31245.75,3
1003133,BIRCH RUN,MI,48415,43.28,-83.87,"C,HH",Waste,31314.65,3
1002110,LORTON,VA,22079,38.69,-77.24,HH,Waste,31367,3
1002855,Okmulgee,OK,74447,35.6,-95.89,HH,Waste,31399.25,3
1007711,Jackson,TN,38301,35.59,-88.88,HH,Waste,31483.5,3
1003959,COLUMBUS,GA,31907,32.5,-84.87,HH,Waste,31523,3
1013807,Spencer,OK,73084,35.5,-97.4,HH,Waste,31580.25,3
1011233,Bedford,VA,24523,37.26,-79.48,"C,HH",Waste,31671.5,3
1006302,RIDGELAND,MS,39157,32.41,-90.24,"C,HH",Waste,31796.05,3
1004759,BORDEN,IN,47106,38.46,-85.84,HH,Waste,31796.75,3
1006693,Austin,TX,78716,30.16,-97.67,HH,Waste,31886.5,3
1003227,JOHNSON CITY,TN,37601,36.33,-82.33,"C,HH",Waste,31994.95,3
1011448,Palmer,AK,99645,61.59,-149.21,HH,Waste,32036.75,3
1003460,PEN ARGYL,PA,18072,40.85,-75.26,"C,HH",Waste,32084.242,3
1007665,BIDWELL,OH,45614,38.98,-82.23,"C,HH",Waste,32113.95,3
1003628,MONTGOMERY,IN,47558,38.68,-87.05,"C,HH",Waste,32197.85,3
1003036,MCGRAW,NY,13101,42.63,-76.07,"C,HH",Waste,32292.8,3
1004538,Helena,MT,59602,46.68,-111.88,HH,Waste,32418.5,3
1012422,Dublin,GA,31021,32.58,-83.06,HH,Waste,32538.75,3
1006545,Kountze,TX,77625,30.34,-94.36,HH,Waste,32694,3
1011008,Mt. Airy,GA,30563,34.55,-83.46,HH,Waste,32734,3
1005155,Cohoes,NY,12047,42.8,-73.73,"C,HH",Waste,32749.35,3
1006322,SAN LUIS OBISPO,CA,93401,35.19,-120.6,HH,Waste,32829,3
1000047,ORRINGTON,ME,4474,44.74,-68.83,C,Waste,32835.898,3
1002702,MILLVILLE,NJ,8332,39.45,-75.09,"C,HH",Waste,32898,3
1002700,SNYDER,TX,79549,32.68,-100.81,HH,Waste,32904.5,3
1005718,EASTON,MD,21601,38.75,-76.02,HH,Waste,33018.5,3
1011215,Alamogordo,NM,88310,32.9,-105.94,"C,HH",Waste,33066,3
1005282,WALNUT,MS,38683,34.92,-88.85,HH,Waste,33129,3
1012891,Abilene,TX,79601,32.52,-99.75,HH,Waste,33240.5,3
1005271,BUTLER,KY,41006,38.74,-84.41,"C,HH",Waste,33328.45,3
1007811,DAYTON,OH,45418,39.71,-84.25,"C,HH",Waste,33664.898,3
1004860,Scottsboro,AL,35768,34.7,-85.99,HH,Waste,33920.75,3
1010127,Wattsburg,PA,16442,42.04,-79.85,TT,Waste,34061.75,3
1003814,CROWS LANDING,CA,95313,37.4,-121.14,HH,Waste,34100.5,3
1010288,Navarre,OH,44662,40.71,-81.54,HH,Waste,34196.75,3
1004224,LAS CRUCES,NM,88005,32.26,-107.03,HH,Waste,34314,3
1006389,West Palm Beach,FL,33412,26.78,-80.12,HH,Waste,34320.25,3
1006421,WEST LEBANON,NH,3784,43.61,-72.33,"C,HH",Waste,34387.848,3
1006096,MADISON,WI,53718,43.05,-89.26,"C,HH",Waste,34507.936,3
1003392,GENEVA,OH,44041,41.79,-80.91,"C,HH",Waste,34568.508,3
1004028,NEWCASTLE,OK,73065,35.26,-97.59,HH,Waste,34573,3
1007072,Altair,TX,77412,29.57,-96.46,HH,Waste,34722.25,3
1007878,WATERTOWN,WI,53094,43.09,-88.74,"C,HH",Waste,35023.762,3
1003413,FRANKFORT,KY,40601,38.13,-84.99,"C,HH",Waste,35142.95,3
1009925,West Grove,PA,19390,39.87,-75.84,"C,HH",Waste,35150.642,3
1006996,WOODLEAF,NC,27054,35.76,-80.56,HH,Waste,35210.75,3
1007891,HOUSTON,MS,38851,33.96,-88.99,"C,HH",Waste,35212.408,3
1007815,MOBILE,AZ,85139,33.08,-112.27,"C,HH",Waste,35273.95,3
1002140,ST JOSEPH,LA,71366,31.99,-91.27,HH,Waste,35371.5,3
1007725,Franklin,WI,53132,42.85,-88.07,"C,HH",Waste,35398.932,3
1007585,MONROEVILLE,PA,15146,40.4,-79.8,"C,HH",Waste,35439.7,3
1010693,Rustburg,VA,24588,37.28,-79.15,"C,HH",Waste,35465.35,3
1007983,CLAYPOOL,IN,46510,41.12,-85.79,"C,HH",Waste,35591.85,3
1011229,Gillette,WY,82716,44.39,-105.49,"C,HH",Waste,35675.15,3
1000371,GARDEN CITY,KS,67846,37.94,-100.77,"C,HH",Waste,35708.7,3
1003969,COLUMBIA,MO,65202,39.02,-92.25,"C,HH",Waste,35985.078,3
1000382,DECORAH,IA,52101,43.23,-91.67,HH,Waste,36080.5,3
1002318,ORANGE,CA,92862,33.78,-117.75,HH,Waste,36093.5,3
1007274,BREWTON,AL,36426,31.26,-87.19,HH,Waste,36493.75,3
1002490,LEESBURG,VA,20175,39.04,-77.58,HH,Waste,36571,3
1002081,CORPUS CHRISTI,TX,78415,27.7,-97.45,HH,Waste,36582,3
1006790,MOODY,AL,35004,33.61,-86.51,HH,Waste,36608.25,3
1000425,PRINCETON,WV,24740,37.33,-81.13,HH,Waste,36650,3
1002401,GREAT BEND,KS,67530,38.41,-98.71,"C,HH",Waste,36826.25,3
1014061,Durango,CO,81301,37.05,-107.87,HH,Waste,36838.5,3
1003979,ELKO,NV,89801,40.84,-115.73,"C,HH",Waste,36925.2,3
1002902,WATERTOWN,SD,57201,44.98,-97.19,HH,Waste,37087.5,3
1007588,ELKHART,IN,46517,41.69,-86,"C,HH",Waste,37353.898,3
1004865,AGAWAM,MA,1001,42.09,-72.59,C,Waste,37366.812,3
1003103,IMPERIAL,PA,15126,40.43,-80.29,"C,HH",Waste,37435.05,3
1004533,BROOKINGS,SD,57006,44.3,-96.79,HH,Waste,37443,3
1003571,EATON,OH,45320,39.69,-84.64,HH,Waste,37492.25,3
1006544,CANTON,MS,39046,32.6,-90.07,HH,Waste,37615.25,3
1007839,ANDERSON,CA,96007,40.42,-122.36,HH,Waste,37709.5,3
1007023,DEXTER,MO,63841,36.83,-89.94,"C,HH",Waste,37735.3,3
1008003,EAST SPARTA,OH,44626,40.67,-81.42,"C,HH",Waste,37795.2,3
1002599,CLINTON,IA,52732,41.86,-90.26,"C,HH",Waste,38080.198,3
1001643,KERSEY,PA,15846,41.3,-78.67,"C,HH",Waste,38134.1,3
1006501,LINCOLN,CA,95648,38.84,-121.35,HH,Waste,38200,3
1002546,LEE\S SUMMIT,MO,64082,38.88,-94.36,HH,Waste,38282.75,3
1000176,TAVARES,FL,32778,28.76,-81.74,HH,Waste,38409,3
1003257,MAPLE CITY,MI,49664,44.87,-85.91,"C,HH",Waste,38473.392,3
1007662,DUBLIN,VA,24084,37.19,-80.67,HH,Waste,38706.5,3
1007061,FAIRFIELD,IL,62837,38.36,-88.37,HH,Waste,38807,3
1004474,East Troy,WI,53120,42.77,-88.42,HH,Waste,38812,3
1002729,Ponca City,OK,74601,36.64,-97.11,HH,Waste,38825.25,3
1002609,OTTUMWA,IA,52501,41.08,-92.48,"C,HH",Waste,38844.8,3
1002100,Hillsville,VA,24343,36.76,-80.75,"C,HH",Waste,38864.65,3
1002464,HILLSBORO,AL,35643,34.7,-87.2,"C,HH",Waste,38891.3,3
1004483,ASHLAND,KY,41102,38.4,-82.81,"C,HH",Waste,38897.95,3
1005280,LYND,MN,56157,44.35,-95.9,"C,HH",Waste,38970.75,3
1006532,ST PETERSBURG,FL,33716,27.88,-82.65,HH,Waste,39174.25,3
1002244,PRAGUE,OK,74864,35.54,-96.65,HH,Waste,39178,3
1004467,BEAVER DAM,KY,42320,37.41,-86.94,"C,HH",Waste,39194.9,3
1004313,WORTHINGTON,IN,47471,39.14,-87.03,HH,Waste,39375.25,3
1006257,Ninnekah,OK,73067,34.91,-97.92,"C,HH",Waste,39378.748,3
1002510,SORRENTO,LA,70778,30.15,-90.87,HH,Waste,39630,3
1006044,COMMERCE CITY,CO,80022,39.85,-104.77,HH,Waste,39635,3
1004863,Brainerd,MN,56401,46.43,-94.07,"C,HH",Waste,39681.7,3
1007833,WYATT,IN,46595,41.5,-86.17,"C,HH",Waste,39684.15,3
1006763,COEUR D\ALENE,ID,83814,47.53,-116.93,"C,HH",Waste,39722.3,3
1004516,BOARDMAN,OR,97818,45.69,-119.59,"C,HH",Waste,39921.5,3
1007925,SCOTTDALE,PA,15683,40.13,-79.58,"C,HH",Waste,39948.4,3
1002104,Newport Beach,CA,92675,33.62,-117.83,HH,Waste,40041.25,4
1006064,OAKDALE,LA,71463,30.87,-92.61,HH,Waste,40258,4
1002901,Sarasota,FL,34241,27.3,-82.4,HH,Waste,40307.25,4
1007795,HEISKELL,TN,37754,36.11,-84.03,"C,HH",Waste,40337.15,4
1005680,Pinson,AL,35126,33.71,-86.71,HH,Waste,40375.25,4
1006218,Los Banos,CA,93522,37.04,-120.97,HH,Waste,40426.75,4
1011994,Clarksville,AR,72830,35.44,-93.49,II,Waste,40452.25,4
1003137,WINSTON-SALEM,NC,27102,36.19,-80.29,HH,Waste,40461.75,4
1007723,NORTHWOOD,OH,43619,41.6,-83.45,"C,HH",Waste,40706.79,4
1011595,Eunice,NM,88231,32.42,-103.6,HH,Waste,40751,4
1004093,LAKE HAVASU CITY,AZ,86404,34.55,-114.34,HH,Waste,40756.25,4
1006292,MIAMI,FL,33055,25.97,-80.29,HH,Waste,40821.75,4
1007054,CORVALLIS,OR,97330,44.7,-123.22,HH,Waste,40982,4
1011499,Liberal,KS,67901,37.05,-100.89,"C,HH",Waste,40984.55,4
1003299,LIVONIA,LA,70755,30.58,-91.53,HH,Waste,41085.5,4
1006036,CARROLL,IA,51401,42.08,-94.9,"C,HH",Waste,41109.198,4
1004541,Morris,IL,60450,41.37,-88.41,HH,Waste,41132.75,4
1010994,Chase City,VA,23924,36.73,-78.43,HH,Waste,41143.25,4
1004044,GRAND FORKS,ND,58206,47.94,-97.15,"C,HH",Waste,41367.6,4
1006724,Santa Fe,NM,87506,35.68,-106.09,"C,HH",Waste,41561.55,4
1004696,ESCANABA,MI,49829,45.76,-87.13,"C,HH",Waste,41813.25,4
1004465,American Canyon,CA,94503,38.18,-122.28,HH,Waste,41859.75,4
1007670,NEW BOSTON,TX,75570,33.46,-94.43,"C,HH",Waste,41959.2,4
1003711,Dry branch,GA,31020,32.77,-83.44,"C,HH",Waste,42246.8,4
1007748,Fostoria,OH,44830,41.11,-83.41,"C,HH",Waste,42257.8,4
1011631,Morrilton,AR,72110,35.13,-92.7,HH,Waste,42349,4
1006963,DECATUR,IL,62522,39.82,-89.04,"C,HH",Waste,42379.948,4
1003605,Blue Grass,IA,52726,41.48,-90.94,"C,HH",Waste,42418,4
1011037,Birdsboro,PA,19508,40.27,-75.81,HH,Waste,42629,4
1003110,POUGHKEEPSIE,NY,12601,41.65,-73.94,C,Waste,42809.682,4
1005695,DILLON AREA,CO,80435,39.61,-106,"C,HH",Waste,42939.2,4
1007687,MCMINNVILLE,OR,97128,45.18,-123.28,"C,HH",Waste,43106.146,4
1005384,ROSEBURG,OR,97470,43.19,-123.38,HH,Waste,43153.25,4
1006990,PIERSON,MI,49339,43.33,-85.51,"C,HH",Waste,43287.448,4
1007672,ELK RIVER,MN,55330,45.38,-93.56,"C,HH",Waste,43344.776,4
1011956,Boone,IA,50036,42.03,-93.92,HH,Waste,43433.5,4
1003854,Lovejoy,GA,30250,33.44,-84.31,"C,HH",Waste,43495.99,4
1007754,DAFTER,MI,49724,46.34,-84.44,"C,HH",Waste,43647.1,4
1005916,HOPEDALE,IL,61747,40.42,-89.47,"C,HH",Waste,43808.1,4
1004406,BARSTOW,CA,92311,34.84,-117.02,"C,HH",Waste,43847.3,4
1004918,ZILLAH,WA,98953,46.48,-120.27,HH,Waste,43966.25,4
1004604,Fort Leonard Wood,MO,65473,37.73,-92.13,"C,HH",Waste,44029.248,4
1011009,Ogden,UT,84401,41.22,-111.99,"C,HH",Waste,44089.35,4
1006538,Weatherford,TX,76086,32.71,-97.86,HH,Waste,44181.25,4
1005265,PUUNENE,HI,96784,20.87,-156.45,TT,Waste,44245.25,4
1002647,ITASCA,TX,76055,32.19,-97.11,HH,Waste,44310.75,4
1002691,TRACY,IA,50256,41.27,-92.95,"C,HH",Waste,44333.4,4
1007090,Richland,WA,99352,46.34,-119.35,HH,Waste,44471.5,4
1005253,OLD TOWN,ME,4468,45,-68.7,"C,HH",Waste,44540.05,4
1004676,RAPID CITY,SD,57701,44.03,-103.19,HH,Waste,44576,4
1003378,OAKLAND,MD,21550,39.47,-79.4,HH,Waste,44590.25,4
1002341,LILY,KY,40740,37.02,-84.08,HH,Waste,44978.5,4
1007684,BAYTOWN,TX,77520,29.68,-94.93,HH,Waste,45112.5,4
1013630,Florence,AZ,85132,32.68,-111.29,HH,Waste,45114.25,4
1007901,LOUISVILLE,KY,40219,38.14,-85.72,"C,HH",Waste,45129.63,4
1007424,Landers,CA,92285,34.15,-116.44,"C,HH",Waste,45197.5,4
1007160,EPHRATA,WA,98823,47.27,-119.55,HH,Waste,45268.75,4
1005878,PAINESVILLE,OH,44077,41.77,-81.2,HH,Waste,45286.25,4
1007756,NEW SPRINGFIELD,OH,44443,40.92,-80.58,"C,HH",Waste,45308.242,4
1010287,Yulee,FL,32097,30.63,-81.55,TT,Waste,45379.75,4
1004223,CLOVIS,NM,88101,34.39,-103.18,HH,Waste,45437.5,4
1007607,Victorville,CA,92392,34.59,-117.27,HH,Waste,45529.25,4
1004056,PARKER,AZ,85344,33.94,-114.2,"C,HH",Waste,45649.848,4
1007753,WESTMINSTER,MA,1473,42.53,-71.85,"C,HH",Waste,45786.378,4
1006529,EGAN,LA,70531,30.26,-92.53,HH,Waste,45791.5,4
1004446,Buena Vista,VA,24416,37.76,-79.37,"C,HH",Waste,45802.35,4
1001297,Uniontown,AL,36786,32.44,-87.44,HH,Waste,45870.75,4
1005950,Walton,KY,41094,38.86,-84.66,"C,HH",Waste,45950.648,4
1007282,LAYTON,UT,84040,41.11,-111.92,HH,Waste,45979,4
1002088,HOOPESTON,IL,60942,40.44,-87.65,"C,HH",Waste,46022.15,4
1012133,Carlsbad,NM,88220,32.5,-104.07,HH,Waste,46171.5,4
1008024,FORT JACKSON,SC,29207,34,-80.95,"C,HH",Waste,46403.852,4
1004415,BRUNDIDGE,AL,36010,31.7,-85.84,HH,Waste,46530.5,4
1011487,Blountville,TN,37617,36.56,-82.35,"C,HH",Waste,46651.75,4
1007743,BURNSVILLE,MN,55337,44.79,-93.32,"C,HH",Waste,46739.998,4
1006969,COLUMBUS,NJ,8022,40.08,-74.71,"C,HH",Waste,46831.188,4
1004347,Varney,KY,41571,37.57,-82.45,HH,Waste,46854.75,4
1007592,MONTROSE,CO,81401,38.52,-107.82,"C,HH",Waste,46931.7,4
1010561,Jasper,TN,37347,35.04,-85.63,HH,Waste,46934.75,4
1002159,HASTINGS,NE,68901,40.57,-98.43,"C,HH",Waste,46946.198,4
1004335,SANTA CLARA,CA,95050,37.41,-121.97,HH,Waste,47082.25,4
1002277,RONKONKOMA,NY,11779,40.79,-73.11,C,Waste,47109.244,4
1006805,MANHATTAN,MT,59741,45.87,-111.41,HH,Waste,47120,4
1007212,MUSKEGO,WI,53132,42.87,-87.99,"C,HH",Waste,47146.25,4
1004667,Fort Stewart,GA,31314,31.85,-81.62,"C,HH",Waste,47203.364,4
1011227,New Hampton,NY,10924,41.4,-74.39,"C,HH",Waste,47296.05,4
1001847,HILBERT,WI,54129,44.11,-88.19,"C,HH",Waste,47455.8,4
1013030,Cuba,MO,64543,38.12,-91.42,HH,Waste,47459,4
1005840,RICHMOND,IN,47374,39.84,-84.87,"C,HH",Waste,47489.8,4
1004494,FULTON,NY,13069,43.34,-76.34,"C,HH",Waste,47576.45,4
1007708,KAPOLEI,HI,96707,21.34,-158.12,HH,Waste,47607.5,4
1005461,CROUSE,NC,28033,35.43,-81.35,HH,Waste,47622,4
1002477,WINDER,GA,30680,33.97,-83.77,HH,Waste,47840.5,4
1003661,GLENFORD,OH,43739,39.88,-82.31,"C,HH",Waste,48262.754,4
1004976,Grand Blanc,MI,48439,42.91,-83.72,"C,HH",Waste,48327.75,4
1005535,MOUNT AIRY,NC,27030,36.44,-80.57,HH,Waste,48366.75,4
1002896,Edison,CA,93220,35.42,-118.71,HH,Waste,48483.5,4
1007645,TAYLOR,PA,18517,41.4,-75.74,"C,HH",Waste,48527.098,4
1003450,Willachoochee,GA,31650,31.34,-83.03,HH,Waste,48572.75,4
1010378,FRANKLINTON,LA,70438,30.84,-90.04,HH,Waste,48679.75,4
1005266,Dugway,UT,84022,40.62,-112.7,"C,HH",Waste,48752.942,4
1004486,ERIE,MI,48133,41.73,-83.51,"C,HH",Waste,49148,4
1006291,MCKINNEY,TX,75069,33.16,-96.59,HH,Waste,49357,4
1007649,ERIE,PA,16509,42.06,-80.01,"C,HH",Waste,49431.548,4
1000291,BELLE VERNON,PA,15012,40.14,-79.86,HH,Waste,49435.25,4
1002035,Evans City,PA,16033,40.8,-80.09,"C,HH",Waste,49634.518,4
1007818,EAST WENATCHEE,WA,98802,47.4,-120.17,HH,Waste,49645.25,4
1007195,HORICON,WI,53032,43.46,-88.55,"C,HH",Waste,49796.65,4
1002292,STREET,MD,21154,39.64,-76.3,"C,HH",Waste,50100,4
1003335,CHATSWORTH,GA,30705,34.77,-84.77,HH,Waste,50147.5,4
1006834,Milner,CO,80487,40.48,-107.04,"C,HH",Waste,50285.75,4
1010979,Fort Dodge,IA,50501,42.49,-94.17,HH,Waste,50403.25,4
1004027,DESOTO,IL,62924,37.84,-89.26,"C,HH",Waste,50435.348,4
1007689,HAMPTON,VA,23666,37.07,-76.43,"C,HH",Waste,50491.2,4
1007727,MITCHELLVILLE,IA,50169,41.6,-93.35,"C,HH",Waste,50582.178,4
1004501,MADISON,NC,27025,36.36,-79.84,HH,Waste,50807.25,4
1004913,Bradenton,FL,34211,27.47,-82.46,HH,Waste,51015.5,4
1007899,FOLKSTON,GA,31537,30.71,-82.06,"C,HH",Waste,51029,4
1005261,Coventry,VT,5855,44.91,-72.22,"C,HH",Waste,51032.45,4
1013218,Marana,AZ,85653,32.39,-111.28,"C,HH",Waste,51073.75,4
1002182,FELTON,DE,19943,39.03,-75.73,HH,Waste,51146,4
1004936,Rochelle,IL,61068,41.93,-89,"C,HH",Waste,51175.75,4
1004159,HARRISON,TN,37341,35.19,-85.08,HH,Waste,51376.5,4
1006153,FORT MADISON,IA,52627,40.65,-91.32,"C,HH",Waste,51509.5,4
1005161,Guaynabo,PR,969,18.37,-66.11,"C,HH",Waste,51540.946,4
1005213,HAVERHILL,MA,1835,42.77,-71.12,"C,HH",Waste,51547,4
1007984,ROUGEMONT,NC,27572,36.34,-78.83,HH,Waste,51595.25,4
1003536,Lake City,FL,32055,30.26,-82.7,HH,Waste,51602.25,4
1007029,SALISBURY,MD,21801,38.39,-75.64,HH,Waste,51606,4
1002475,Beaumont,TX,77705,29.99,-94.17,HH,Waste,51644,4
1009669,Cordele,GA,31015,31.96,-83.78,HH,Waste,51708,4
1005166,Toa Baja,PR,961,18.42,-66.17,"C,HH",Waste,51870.93,4
1002236,Polkton,NC,28135,34.97,-80.17,HH,Waste,51909,4
1007710,PALMDALE,CA,93551,34.57,-118.15,"C,HH",Waste,51915.25,4
1014096,Fairfield,UT,84013,40.22,-112.08,"C,HH",Waste,52082.65,4
1007617,CHAFFEE,NY,14030,42.58,-78.49,"C,HH",Waste,52096.88,4
1011916,Blooming Prairie,MN,55917,43.96,-93.11,"C,HH",Waste,52296.3,4
1006261,DUNMORE,PA,18512,41.43,-75.59,"C,HH",Waste,52505.75,4
1004084,BERLIN,NH,3570,44.5,-71.19,"C,HH",Waste,52586.6,4
1008004,Celina,OH,45822,40.45,-84.57,"C,HH",Waste,52625.65,4
1005335,DUNDAS,MN,55019,44.38,-93.23,"C,HH",Waste,52642.598,4
1003620,MARSHALL,MI,49068,42.36,-85.01,"C,HH",Waste,52722.4,4
1011959,Grand Forks,ND,58203,47.98,-97.12,"C,HH",Waste,52753.25,4
1004627,Thompsonville,IL,62890,37.88,-88.7,HH,Waste,52790,4
1011026,Inarajan,GU,96915,13.43,144.65,HH,Waste,52959,4
1011464,Bennett,CO,80102,39.84,-104.49,HH,Waste,53030,4
1005056,ABERDEEN,SD,57401,45.46,-98.49,HH,Waste,53045.75,4
1003039,Greenwood,SC,29696,34.2,-82.08,HH,Waste,53438,4
1004123,PETALUMA,CA,94952,38.3,-122.74,"C,HH",Waste,53546.226,4
1002646,Dora,AL,35062,33.73,-87.05,HH,Waste,53561,4
1007632,LAMAR,MO,64759,37.52,-94.27,"C,HH",Waste,53585.8,4
1007447,Morristown,TN,37816,36.15,-83.3,HH,Waste,53627,4
1004743,SANTA PAULA,CA,93060,34.41,-119,HH,Waste,53926.5,4
1005652,White City,OR,97503,42.44,-122.75,"C,HH",Waste,53990.304,4
1004774,PONCE,PR,731,18.1,-66.62,HH,Waste,54061.25,4
1002476,WELSH,LA,70591,30.27,-92.86,HH,Waste,54121.25,4
1003773,SCOTLAND,PA,17254,39.97,-77.56,"C,HH",Waste,54351.4,4
1003949,LOGAN,UT,84321,41.73,-111.89,"C,HH",Waste,54487.25,4
1004247,WINCHESTER,VA,22602,39.14,-78.1,"C,HH",Waste,54493.398,4
1007796,Piedmont,AL,36372,34,-85.73,HH,Waste,54616.25,4
1005349,SOLDOTNA,AK,99669,59.64,-151.57,"C,HH",Waste,54768.492,4
1005365,LEXINGTON,KY,40507,38.04,-84.5,HH,Waste,54787.25,4
1005042,VACAVILLE,CA,95687,38.31,-121.84,HH,Waste,54862.25,4
1007075,APPLETON,WI,54911,44.29,-88.34,"C,HH",Waste,54978.2,4
1003362,SUNLAND PARK,NM,88063,31.81,-106.59,"C,HH",Waste,55041,4
1002648,CANYON,TX,79015,35.01,-101.95,HH,Waste,55088.25,4
1005810,Greenville,FL,32331,30.46,-83.61,HH,Waste,55113,4
1000217,LAKE,MS,39092,32.23,-89.37,HH,Waste,55149.75,4
1002242,FRANKFORT,IN,46041,40.33,-86.56,"C,HH",Waste,55291.35,4
1007554,EL DORADO,KS,67042,37.77,-96.9,"C,HH",Waste,55406.1,4
1013315,WETMORE,MI,49895,46.38,-86.6,"C,HH",Waste,55586.148,4
1007391,MAYSVILLE,KY,41056,38.69,-83.8,II,Waste,55691.5,4
1002513,MT PLEASANT,TX,75455,33.1,-94.99,HH,Waste,55758.25,4
1002667,MANCHESTER,NJ,8759,40.03,-74.25,"C,HH",Waste,55823.898,4
1004812,Elkton,MD,21921,39.59,-75.92,"C,HH",Waste,55924.75,4
1007976,Troy,PA,16947,41.78,-76.63,"C,HH",Waste,55927.7,4
1003467,QUEEN CREEK,AZ,85242,33.21,-111.65,HH,Waste,55927.75,4
1005528,ROCHESTER,MN,55906,44.03,-92.43,C,Waste,56009.338,4
1000218,WINTER GARDEN,FL,34787,28.49,-81.65,HH,Waste,56054,4
1003478,MONCKS CORNER,SC,29461,33.11,-80.03,HH,Waste,56124.5,4
1004121,BUCKEYE,AZ,85326,33.19,-112.68,HH,Waste,56133.75,4
1004057,RODMAN,NY,13682,43.83,-75.9,"C,HH",Waste,56394.748,4
1013696,Calistoga,CA,94515,38.58,-122.53,"C,HH",Waste,56401.372,4
1007744,ONTONAGON,MI,49953,46.79,-89.13,"C,HH",Waste,56466.85,4
1003864,South Jordan,UT,84095,40.55,-111.99,"C,HH",Waste,56598,4
1003599,AGOURA (UNINCORP. LA COUNTY),CA,91301,34.14,-118.71,"C,HH",Waste,56729.872,4
1000536,LA CROSSE,WI,54601,43.88,-91.16,"C,HH",Waste,56905.9,4
1003818,WEST BOUNTIFUL,UT,84087,40.91,-111.91,"C,HH",Waste,56962.9,4
1004711,Meno,OK,73760,36.46,-98.19,"C,HH",Waste,56979.55,4
1003937,BETHLEHEM,PA,18015,40.62,-75.3,"C,HH",Waste,57166.996,4
1003963,Gans,OK,74936,35.37,-94.76,HH,Waste,57190,4
1007219,FT. PIERCE,FL,34981,27.38,-80.39,"C,HH",Waste,57200,4
1004439,MILFORD,NE,68405,40.75,-97.04,"C,HH",Waste,57235.25,4
1007582,DORCHESTER,SC,29437,33.13,-80.36,HH,Waste,57330.25,4
1005844,WOLCOTT,CO,81655,39.75,-106.72,HH,Waste,57378.25,4
1006304,COLLINSVILLE,AL,35961,34.34,-85.86,"C,HH",Waste,57499.95,4
1007722,WAYNESBURG,OH,44688,40.71,-81.26,"C,HH",Waste,57547.144,4
1010524,SHELDON,IA,51201,43.13,-95.89,"C,HH",Waste,57584.8,4
1011793,MACON,GA,31210,32.82,-83.62,HH,Waste,57631.75,4
1000370,GARLAND,TX,75040,32.93,-96.58,HH,Waste,57649.5,4
1007894,AUSTIN,TX,78754,30.33,-97.62,"C,HH",Waste,57683.026,4
1003548,SALT LAKE CITY,UT,84128,40.73,-112.03,HH,Waste,57848.25,4
1001766,CEDAR RAPIDS,IA,52404,42.09,-91.56,HH,Waste,58346.5,4
1007831,THREE RIVERS,MI,49093,41.92,-85.68,"C,HH",Waste,58384.696,4
1003619,Okeechobee,FL,34973,27.34,-80.69,"C,HH",Waste,58437.098,4
1003615,PINE BLUFF,AR,71602,34.34,-92.19,HH,Waste,58640,4
1007630,Humacao,PR,791,18.13,-65.82,HH,Waste,58721.25,4
1007044,Lenoir,NC,28645,35.91,-81.59,HH,Waste,58735.75,4
1004128,Barnesville,GA,30204,33.08,-84.21,HH,Waste,58768.75,4
1000881,ROCKY MOUNT,VA,24151,36.99,-79.9,HH,Waste,58828,4
1007290,TIFTON,GA,31794,31.36,-83.54,HH,Waste,58890.75,4
1004808,Nashville,TN,37218,36.18,-86.84,HH,Waste,59081,4
1007703,LENNON,MI,48449,42.99,-83.87,"C,HH",Waste,59107.892,4
1006276,ALBANY,NY,12205,42.7,-73.85,HH,Waste,59193.75,4
1002757,BATON ROUGE,LA,70821,30.55,-91.2,HH,Waste,59247,4
1007755,MENOMINEE,MI,49858,45.17,-87.63,"C,HH",Waste,59502.9,4
1005985,ZION,IL,60099,42.48,-87.87,"C,HH",Waste,59589.55,4
1005594,ALBEMARLE,NC,28002,35.32,-80.17,HH,Waste,59591.75,4
1003646,ALVIN,TX,77511,29.41,-95.2,HH,Waste,59714.5,4
1003983,KATHLEEN,GA,31047,32.4,-83.55,HH,Waste,59826,4
1005097,JACKSON,NE,68743,42.47,-96.61,"C,HH",Waste,59891.148,4
1007832,TOPEKA,KS,66618,39.18,-95.72,"C,HH",Waste,60147.4,5
1001949,MARION,IA,52302,42.09,-91.55,"C,HH",Waste,60334.098,5
1004680,MIAMI,FL,33178,25.83,-80.35,HH,Waste,60334.5,5
1004682,GOULDS,FL,33170,25.55,-80.35,HH,Waste,60336.25,5
1006227,Kilgore,TX,75603,32.44,-94.82,HH,Waste,60371,5
1007680,LAWRENCEVILLE,VA,23868,36.76,-77.81,"C,HH",Waste,60585.7,5
1003683,GLENDALE,AZ,85301,33.54,-112.3,HH,Waste,60601.5,5
1002141,RICHWOODS,MO,63071,38.17,-90.76,"C,HH",Waste,60627.75,5
1003440,FORT BENNING,GA,31905,32.37,-84.88,"C,HH",Waste,60637.524,5
1005873,FREDERICK,MD,21704,39.37,-77.34,HH,Waste,60743.75,5
1004380,Anchorage,AK,99501,61.21,-149.85,HH,Waste,60765.5,5
1002639,LURAY,VA,22835,38.62,-78.59,"C,HH",Waste,60800.05,5
1005371,North Tazewell,VA,24630,37.19,-81.44,HH,Waste,60932.25,5
1002610,WEST BURLINGTON,IA,52655,40.84,-91.19,"C,HH",Waste,61082.45,5
1006748,Roaring River,NC,28669,36.21,-80.99,HH,Waste,61105.25,5
1004716,OGALLALA,NE,69153,41.06,-101.58,"C,HH",Waste,61155.7,5
1004074,GREER,SC,29651,34.81,-82.19,"C,HH",Waste,61156.416,5
1005274,Dudley,NC,28333,35.29,-78.07,HH,Waste,61370.25,5
1005673,PORTLAND,ME,4102,43.66,-70.33,C,Waste,61634.966,5
1005313,PUUNENE,HI,96784,20.86,-156.42,HH,Waste,61762.75,5
1002655,UPPER MARLBORO,MD,20774,38.85,-76.78,"C,HH",Waste,61984.836,5
1005137,DALLAS,NC,28034,35.39,-81.17,HH,Waste,62129.5,5
1006056,WINTERVILLE,GA,30683,33.93,-83.26,HH,Waste,62365,5
1007990,Arcadia,KS,66711,37.63,-94.64,"C,HH",Waste,62439.7,5
1003569,SAVANNAH,GA,31419,32.01,-81.26,"C,HH",Waste,62761.91,5
1004204,Thomasville,NC,27360,35.85,-80.18,HH,Waste,62937.75,5
1004876,Marana,AZ,85658,32.42,-111.17,HH,Waste,62951.5,5
1006279,COVINGTON,GA,30016,33.55,-83.9,HH,Waste,63016,5
1002587,AVONDALE,LA,70094,29.91,-90.26,"C,HH",Waste,63076.746,5
1002002,SEVERN,MD,21144,39.09,-76.68,"C,HH",Waste,63199.25,5
1003540,BAD AXE,MI,48413,43.72,-83.06,HH,Waste,63516.75,5
1004162,SHIPPENSBURG,PA,17257,40.13,-77.5,"C,HH",Waste,63519.596,5
1007261,ALLOWAY,NJ,8001,39.59,-75.37,"C,HH",Waste,63577.05,5
1002059,INVER GROVE HEIGHTS,MN,55077,44.82,-93.09,"C,HH",Waste,63578.85,5
1007837,SAN JOSE,CA,95120,37.21,-121.9,"C,HH",Waste,63721.45,5
1007587,PARKERSBURG,WV,26104,39.25,-81.49,"C,HH",Waste,64132.468,5
1007992,GRAYSLAKE,IL,60030,42.35,-88.04,"C,HH",Waste,64162.146,5
1005895,TYLER,TX,75708,32.37,-95.19,HH,Waste,64182.75,5
1007706,ELGIN,SC,29045,34.11,-80.78,HH,Waste,64205.75,5
1003583,GWINNER,ND,58040,46.26,-97.7,"C,HH",Waste,64289.442,5
1004279,WESTVILLE,NJ,8093,39.87,-75.14,C,Waste,64474.482,5
1003356,MCDONALD,TN,37353,35.16,-84.96,HH,Waste,64571.25,5
1007543,Phoenix,AZ,85024,33.68,-112.07,HH,Waste,64940.5,5
1005482,Lubbock,TX,79403,33.66,-101.78,HH,Waste,65021.75,5
1001819,REDDING,CA,96001,40.5,-122.45,HH,Waste,65257.25,5
1005894,ALTA LOMA,TX,77510,29.39,-95.06,HH,Waste,65278.75,5
1003528,Georgetown,SC,29440,33.45,-79.31,HH,Waste,65478.75,5
1000429,PENNSAUKEN,NJ,8110,39.99,-75.04,"C,HH",Waste,65833.55,5
1003242,OKAHUMPKA,FL,34762,28.74,-81.89,C,Waste,65910.102,5
1005583,CHEYENNE,WY,82009,41.15,-105.01,HH,Waste,66064.25,5
1014391,Atkinson,IL,61235,41.41,-90,HH,Waste,66128.5,5
1003694,MORGANFIELD,KY,42437,37.74,-87.98,HH,Waste,66534.75,5
1006816,Tallahassee,FL,32311,30.42,-84.15,HH,Waste,66658,5
1007027,COOPERSVILLE,MI,49404,43.05,-85.96,"C,HH",Waste,66719.95,5
1001770,SUPERIOR,WI,54880,46.67,-92,"C,HH",Waste,66772.4,5
1003216,MARISSA,IL,62257,38.26,-89.78,"C,HH",Waste,66838.65,5
1007636,CLARKSBURG,WV,26301,39.29,-80.36,"C,HH",Waste,66868.532,5
1003232,BEND,OR,97702,44.02,-121.26,HH,Waste,67032.75,5
1002038,DELEVAN,WI,53115,42.64,-88.72,"C,HH",Waste,67207.85,5
1003566,LYNCHBURG,VA,24506,37.39,-79.11,"C,HH",Waste,67213.8,5
1002457,Nacogdoches,TX,75964,31.65,-94.68,HH,Waste,67304,5
1005892,Screven,GA,31560,31.48,-81.99,HH,Waste,67415.25,5
1007382,Cullman,AL,35057,34.02,-86.9,HH,Waste,67506.25,5
1003240,MEDORA,IN,47260,38.87,-86.2,"C,HH",Waste,67612.7,5
1007970,LINCOLN,NE,68504,40.87,-96.65,"C,HH",Waste,67671.65,5
1011455,Blossom,TX,75416,33.6,-95.34,HH,Waste,67707.5,5
1003199,WHITTIER,CA,90601,34.02,-118.03,"C,HH",Waste,67764.744,5
1001627,FAYETTEVILLE,NC,28301,35.06,-78.87,"C,HH",Waste,67818.5,5
1007192,LA HARPE,KS,66751,37.9,-95.28,"C,HH",Waste,67902.488,5
1006119,WILMINGTON,NC,28401,34.32,-77.99,HH,Waste,67967.25,5
1007798,HOMER,GA,30547,34.36,-83.47,"C,HH",Waste,67973.9,5
1006286,OOLTEWAH,TN,37363,35.05,-85.09,HH,Waste,68741.75,5
1004968,HUDSON FALLS,NY,12839,43.31,-73.59,C,Waste,68780.658,5
1003696,EAST MOLINE,IL,61244,41.54,-90.38,"C,HH",Waste,69344.55,5
1007893,NEW BRAUNFELS,TX,78130,29.74,-98.03,"C,HH",Waste,69380.92,5
1001561,Joint Base Lewis-McChord,WA,98433,47.09,-122.61,"C,HH",Waste,69735.942,5
1011663,Attapulgus,GA,39815,30.75,-84.48,HH,Waste,69786.25,5
1006089,LOS ANGELES,CA,90027,34.14,-118.3,HH,Waste,69847.25,5
1003565,AZTEC,NM,87410,36.77,-108.05,"C,HH",Waste,69949.248,5
1001953,JACKSONVILLE,NC,28540,34.8,-77.54,HH,Waste,70020.75,5
1004772,NIAGARA FALLS,NY,14304,43.09,-78.96,"C,HH",Waste,70086.15,5
1003202,CHOWCHILLA,CA,93610,37.07,-120.2,HH,Waste,70853.5,5
1006989,ONAWAY,MI,49765,45.28,-84.22,"C,HH",Waste,70892.95,5
1002656,Hartford,SD,57033,43.51,-96.93,HH,Waste,70991.25,5
1007121,Carolina,PR,984,18.38,-65.97,"C,HH",Waste,71137.85,5
1002890,FORT HOOD,TX,76544,31.13,-97.79,"C,HH",Waste,71301.076,5
1008215,ORLANDO,FL,32829,28.48,-81.22,HH,Waste,71844.5,5
1005300,Spotsylvania,VA,22551,38.13,-77.72,"C,HH",Waste,71870.4,5
1003033,AVA,NY,13303,43.46,-75.41,"C,HH",Waste,71957.148,5
1001775,ALEXANDER,NC,28701,35.73,-82.64,HH,Waste,72035.25,5
1007583,CHARLES CITY,VA,23030,37.43,-77.12,"C,HH",Waste,72465.05,5
1006238,WASHINGTON,LA,70589,30.68,-92.06,HH,Waste,72546,5
1006252,RICHMOND,VA,23231,37.59,-77.53,HH,Waste,72589.25,5
1004540,LISBON,CT,6351,41.57,-72.04,C,Waste,72594.07,5
1005107,WALDORF,MD,20602,38.57,-76.88,"C,HH",Waste,72609.85,5
1007707,McNeill,MS,39470,30.71,-89.6,HH,Waste,72627,5
1007084,Fajardo,PR,740,18.35,-65.61,"C,HH",Waste,72873.24,5
1002480,Bellefontaine,OH,43311,40.41,-83.72,"C,HH",Waste,73239.1,5
1003265,OPELIKA,AL,36804,32.65,-85.37,"C,HH",Waste,73241.988,5
1006749,CLEAR LAKE,IA,50428,43.13,-93.3,"C,HH",Waste,73262.95,5
1002468,ENNIS,TX,75119,32.39,-96.65,"C,HH",Waste,73416,5
1003921,Wylie,TX,75098,33,-96.58,HH,Waste,73416.5,5
1001101,DEFIANCE,OH,43512,41.25,-84.41,HH,Waste,73659,5
1004251,WELLFORD,SC,29385,34.99,-82.14,"C,HH",Waste,74056.788,5
1006876,MENOMONEE FALLS,WI,53051,43.15,-88.12,"C,HH",Waste,74099.876,5
1002167,COLUMBUS,IN,47201,39.13,-85.93,"C,HH",Waste,74356.85,5
1007751,RAVENNA,MI,49451,43.24,-86.01,"C,HH",Waste,74406.9,5
1006459,Bardstown,KY,40004,37.82,-85.54,HH,Waste,74445.5,5
1004479,EL DORADO,AR,71730,33.32,-92.69,HH,Waste,74487.25,5
1007862,DEWEY,AZ,86327,34.52,-112.05,"C,HH",Waste,74494.9,5
1007814,Waco,TX,76705,31.6,-97.06,HH,Waste,75225.25,5
1007889,CAMDEN,TN,38320,36.05,-88.14,"C,HH",Waste,75230.58,5
1005440,Nashville,AR,71852,34.07,-93.84,HH,Waste,75660,5
1002732,WEST MEMPHIS,AR,72301,35.13,-90.26,"C,HH",Waste,75779.35,5
1004710,Bartlesville,OK,74003,36.73,-96.09,"C,HH",Waste,75931.3,5
1012903,Edinburg,TX,78541,26.4,-98.33,HH,Waste,76349,5
1002557,BISHOPVILLE,SC,29010,34.19,-80.28,HH,Waste,76550.25,5
1007590,ATLANTA,MI,49709,45.02,-84.15,"C,HH",Waste,76626.3,5
1002232,EASTON,PA,18042,40.66,-75.23,HH,Waste,77761,5
1006851,Sidon,MS,38954,33.42,-90.24,HH,Waste,77833.5,5
1005258,ANGELICA,NY,14709,42.29,-78.01,"C,HH",Waste,78047.218,5
1006993,WABASH,IN,46992,40.82,-85.8,"C,HH",Waste,78103.798,5
1004751,NASHUA,NH,3062,42.73,-71.52,"C,HH",Waste,78196.2,5
1001858,EGG HARBOR TOWNSHIP,NJ,8234,39.42,-74.54,"C,HH",Waste,78462.998,5
1005795,Bowling Green,MO,63334,39.4,-91.21,HH,Waste,78657.75,5
1006369,CONCORD (PENACOOK),NH,3303,43.29,-71.58,C,Waste,78756.066,5
1006306,DU QUOIN,IL,62832,38.02,-89.31,HH,Waste,79139.25,5
1003893,NEW CASTLE,IN,47362,39.88,-85.41,"C,HH",Waste,79456.05,5
1007088,CHESTER,VA,23831,37.35,-77.5,HH,Waste,79470,5
1013659,Lunenburg,VA,23952,36.92,-78.25,HH,Waste,79499.5,5
1003516,Oneida,IL,61467,41.03,-90.25,"C,HH",Waste,79561.45,5
1007546,CLARKSON,NE,68629,41.79,-97.09,"C,HH",Waste,79599.3,5
1010392,Hogansville,GA,30230,33.16,-84.85,HH,Waste,79619.25,5
1011696,waynesville,NC,28785,35.66,-83,HH,Waste,79698,5
1002550,SALINA,KS,67402,38.76,-97.69,"C,HH",Waste,80010.55,5
1007895,Cleveland,TX,77327,30.32,-95.27,HH,Waste,80042.25,5
1006806,FAIRBANKS,AK,99701,64.8,-147.7,"C,HH",Waste,80215.994,5
1006026,FORT SMITH,AR,72916,35.29,-94.37,HH,Waste,80423,5
1007631,SUGAR CREEK,MO,64058,39.14,-94.4,"C,HH",Waste,80442.45,5
1013978,MANISTIQUE,MI,49854,46.35,-87.12,TT,Waste,80554.75,5
1007810,SUMNER,IL,62466,38.74,-87.85,"C,HH",Waste,80703.398,5
1006766,FLOWEREE,MT,59440,47.63,-111.19,"C,HH",Waste,80755.6,5
1003399,SIBLEY,MS,39165,31.36,-91.4,"C,HH",Waste,81121,5
1004351,North Skull Valley,UT,84029,40.67,-112.76,"C,HH",Waste,81240.6,5
1003269,ATHENS,TN,37303,35.48,-84.68,"C,HH",Waste,81274.596,5
1000478,Rio Rancho,NM,87144,35.31,-106.62,HH,Waste,82004.5,5
1004218,MONTGOMERY,PA,17752,41.15,-76.92,"C,HH",Waste,82086.748,5
1004330,White Marsh,MD,21162,39.4,-76.4,"C,HH",Waste,82234.9,5
1007128,GONZALES,CA,93926,36.52,-121.43,HH,Waste,82292.5,5
1003387,GRAND RAPIDS,MI,49503,42.95,-85.69,C,Waste,82524.136,5
1004663,HAGERSTOWN,MD,21740,39.66,-77.82,"C,HH",Waste,82880.5,5
1007345,SUISUN CITY,CA,94585,38.23,-121.98,HH,Waste,82891.5,5
1004887,EFFINGHAM,IL,62401,39.1,-88.53,HH,Waste,83046.75,5
1012851,Hilo,HI,96720,19.7,-155.24,HH,Waste,83292.5,5
1003686,AUBURN HILLS,MI,48326,42.71,-83.25,"C,HH",Waste,83406.55,5
1004117,Bath Springs,TN,38311,35.48,-88.08,HH,Waste,83593.25,5
1007635,SALUDA,VA,23149,37.52,-76.62,"C,HH",Waste,84371.896,5
1004062,CAMP LEJEUNE,NC,28547,34.67,-77.35,"C,HH",Waste,84837.476,5
1005172,BRISTOL,CT,6010,41.65,-72.91,C,Waste,84853.224,5
1003147,Friendsville,TN,37737,35.74,-84.06,HH,Waste,84858.25,5
1004543,LITTLE ROCK,AR,72206,34.65,-92.3,"C,HH",Waste,84980.4,5
1004831,MOUNT GILEAD,NC,27306,35.33,-79.96,HH,Waste,85185.25,5
1004184,MANCHESTER,CT,6040,41.77,-72.56,"C,HH",Waste,85372.548,5
1001646,BROOKS,OR,97305,45.05,-122.96,C,Waste,85696.514,5
1005488,Jamestown,NY,14701,42.2,-79.31,"C,HH",Waste,85716.774,5
1005255,BETHLEHEM,NH,3574,44.26,-71.63,"C,HH",Waste,85735.35,5
1004059,MILAN,IL,61264,41.38,-90.51,HH,Waste,85963.5,5
1006219,UNION CITY,OK,73090,35.39,-97.94,HH,Waste,86142,5
1007668,NOVATO,CA,94945,38.16,-122.57,"C,HH",Waste,86373.942,5
1003406,Springdale,AR,72762,36.14,-94.26,"C,HH",Waste,86737.972,5
1004679,GRAHAM,WA,98338,47.13,-122.29,HH,Waste,86829,5
1001960,Shelton,NE,68876,40.89,-98.71,"C,HH",Waste,87009.95,5
1006132,ZEELAND,MI,49464,42.78,-85.92,"C,HH",Waste,87154.848,5
1002650,MURFREESBORO,TN,37130,35.94,-86.36,"C,HH",Waste,87445.298,5
1002831,Scottsdale,AZ,85256,33.5,-111.79,HH,Waste,87448.75,5
1003627,DIXON,IL,61021,41.73,-89.29,"C,HH",Waste,87503.35,5
1007467,CLINTON,IL,61727,40.11,-88.96,"C,HH",Waste,87884.75,5
1003972,Gainesville,GA,30507,34.25,-83.8,HH,Waste,88025,5
1003102,LOWELLVILLE,OH,44436,41,-80.53,"C,HH",Waste,88191.248,5
1002645,Euless,TX,76040,32.81,-97.1,"C,HH",Waste,88518.05,5
1003100,YORK,PA,17406,39.96,-76.59,"C,HH",Waste,88541.35,5
1004745,WHEATLAND,CA,95692,39.08,-121.4,HH,Waste,88636,5
1007520,FORT WAYNE,IN,46809,41.03,-85.22,"C,HH",Waste,88774.996,5
1000046,MORENO VALLEY,CA,92555,33.95,-117.12,HH,Waste,88809.25,5
1007024,ARGOS,IN,46501,41.17,-86.23,"C,HH",Waste,89390.948,5
1003281,ANGLETON,TX,77516,29.18,-95.43,"C,HH",Waste,89560.85,5
1007817,Morgan Hill,CA,95037,37.22,-121.58,HH,Waste,89819.25,5
1002788,ENID,OK,73701,36.42,-97.81,"C,HH",Waste,89849.7,5
1006049,PALATKA,FL,32177,29.72,-81.67,HH,Waste,89858,5
1002644,AVALON,TX,76623,32.22,-96.79,HH,Waste,90201.75,5
1005319,PARAGOULD,AR,72450,36.07,-90.45,HH,Waste,90461,5
1007638,DANVILLE,IN,46122,39.75,-86.5,"C,HH",Waste,90516.676,5
1000372,DENTON,TX,76208,33.19,-97.09,HH,Waste,91216.5,5
1006140,HUTCHINSON,KS,67501,38.04,-98,"C,HH",Waste,91617.7,5
1001943,NEWTON,NC,28658,35.61,-81.31,"C,HH",Waste,91678.576,5
1003471,SALT LAKE CITY,UT,84104,40.64,-111.93,"C,HH",Waste,91774.6,5
1007960,MCELHATTAN,PA,17748,41.16,-77.35,"C,HH",Waste,91871.45,5
1006025,ROME,GA,30161,34.26,-85.13,HH,Waste,91894.75,5
1004480,BLYTHEVILLE,AR,72315,35.79,-89.96,"C,HH",Waste,92409.85,5
1004010,MANTECA,CA,95336,37.87,-121.18,HH,Waste,92908,5
1005870,WEST BABYLON,NY,11704,40.73,-73.38,C,Waste,93250.456,5
1006350,AMARILLO,TX,79124,35.23,-102.02,HH,Waste,93302.5,5
1002990,FELDA,FL,33930,26.56,-81.52,HH,Waste,94386,5
1005630,RAIFORD,FL,32083,30.1,-82.26,HH,Waste,94664,5
1007667,BRIDGEPORT,WV,26330,39.34,-80.26,"C,HH",Waste,94765.928,5
1006513,BAUXITE,AR,72011,34.53,-92.41,HH,Waste,95167.25,5
1005257,STANLEY,NY,14561,42.78,-77.17,"C,HH",Waste,95175.05,5
1003933,Woodbine,GA,31569,30.96,-81.72,HH,Waste,95311,5
1006977,GRAND JUNCTION,CO,81503,39.02,-108.49,"C,HH",Waste,95504.55,5
1003544,HURRICANE,WV,25526,38.4,-82.02,"C,HH",Waste,96198.848,5
1011317,Ridgely,MD,21660,38.94,-75.85,HH,Waste,96274.5,5
1006514,STATESVILLE,NC,28625,35.77,-80.82,"C,HH",Waste,96367.06,5
1004132,FLAGSTAFF,AZ,86004,35.31,-111.52,HH,Waste,96436.5,5
1003259,LAKE ORION,MI,48359,42.72,-83.25,"C,HH",Waste,96635.502,5
1003911,ERIE,CO,80516,40.02,-105.02,"C,HH",Waste,96697.148,5
1005964,STARKVILLE,MS,39759,33.53,-88.67,"C,HH",Waste,96699.862,5
1003464,BYRON CENTER,MI,49315,42.78,-85.68,HH,Waste,96717.5,5
1005318,CONWAY,AR,72032,35.33,-92.76,HH,Waste,96772.75,5
1007851,TULSA,OK,74116,36.2,-95.82,"C,HH",Waste,96865.35,5
1006417,Elberta,UT,84626,39.95,-111.96,"C,HH",Waste,97146.7,5
1003244,HUNTSVILLE,AL,35805,34.67,-86.61,C,Waste,97333.872,5
1002132,JENA,LA,71342,31.8,-92.18,HH,Waste,97925.75,5
1000377,COURTLAND,AL,35618,34.74,-87.31,TT,Waste,98226.75,5
1003957,LECANTO,FL,34460,28.93,-82.49,HH,Waste,98348,5
1010112,Franklin,VA,23851,36.67,-76.89,TT,Waste,98417.5,5
1004352,LAS VEGAS,NV,89165,36.29,-115.28,"C,HH",Waste,98533.256,5
1002843,Staten Island,NY,10312,40.57,-74.19,"C,HH",Waste,98945.88,5
1003863,Columbus,GA,31907,32.5,-84.86,HH,Waste,99184.5,5
1006344,STAUNTON,VA,24401,38.08,-79.06,"C,HH",Waste,99412.8,5
1003374,Thomasville,GA,31757,30.8,-83.91,HH,Waste,99867.25,5
1003198,Los Angeles,CA,90041,34.15,-118.18,HH,Waste,100031.5,6
1010760,Lowland,TN,37778,36.15,-83.2,"C,HH",Waste,100382.4,6
1007610,JETERSVILLE,VA,23083,37.31,-78.06,"C,HH",Waste,100403.798,6
1003990,Malvern,IA,51551,41.02,-95.64,"C,HH",Waste,100825.15,6
1002351,CORSICANA,TX,75110,32.1,-96.42,HH,Waste,100865,6
1004053,SPOKANE,WA,99224,47.63,-117.5,C,Waste,101179.736,6
1003666,SALEM,VA,24153,37.29,-80.21,HH,Waste,101191.5,6
1003887,Albany,GA,31705,31.53,-84.04,HH,Waste,101204.75,6
1004993,LAWTON,OK,73501,34.52,-98.4,HH,Waste,101368.25,6
1006796,HARPER,KS,67058,37.38,-97.97,"C,HH",Waste,101465.35,6
1007018,BIRMINGHAM,AL,35210,33.6,-86.63,HH,Waste,101565.25,6
1002744,PRESTON,CT,6365,41.48,-72.07,C,Waste,101574.566,6
1003200,CROWS LANDING,CA,95313,37.39,-121.14,C,Waste,101808.216,6
1006328,BALL GROUND,GA,30107,34.29,-84.38,"C,HH",Waste,101978.598,6
1007780,LEWISVILLE,TX,75056,33.04,-96.95,HH,Waste,102288.25,6
1011032,Anderson,TX,77830,30.53,-96.03,HH,Waste,102360.75,6
1000365,High Point,NC,27261,35.96,-79.93,HH,Waste,102389.5,6
1004485,ENOREE,SC,29335,34.61,-81.82,HH,Waste,102638.75,6
1007624,OKLAHOMA CITY,OK,73128,35.45,-97.65,"C,HH",Waste,103107.3,6
1004515,THE DALLES,OR,97058,45.56,-121.14,HH,Waste,103166,6
1000191,DAVID CITY,NE,68632,41.26,-97.04,"C,HH",Waste,103423,6
1004256,Rockmart,GA,30153,34,-85.17,HH,Waste,103545.75,6
1005729,OKLAHOMA CITY,OK,73149,35.4,-97.46,"C,HH",Waste,103617.85,6
1004252,SMITHFIELD,NC,27577,35.51,-78.43,HH,Waste,104223.25,6
1000031,Surprise,AZ,85387,33.68,-112.47,"C,HH",Waste,104353.876,6
1000090,GRAND PRAIRIE,TX,75050,32.77,-96.96,HH,Waste,104656,6
1011271,Citronelle,AL,36522,31.15,-88.17,HH,Waste,104720,6
1002746,College Station,TX,77845,30.58,-96.25,HH,Waste,104749.75,6
1003446,Boise,ID,83714,43.72,-116.27,"C,HH",Waste,104893.222,6
1005733,BOYERTOWN,PA,19512,40.36,-75.71,"C,HH",Waste,105017.5,6
1005392,LUFKIN,TX,75901,31.25,-94.7,HH,Waste,105041,6
1007898,CAMPBELLTON,FL,32426,30.93,-85.43,"C,HH",Waste,105318.756,6
1003101,AULANDER,NC,27805,36.12,-77.07,HH,Waste,105511,6
1002720,GRAND LEDGE,MI,48837,42.79,-84.69,"C,HH",Waste,105900.64,6
1001952,MAYFIELD,KY,42066,36.69,-88.67,"C,HH",Waste,106009.65,6
1003918,Rialto,CA,92377,34.14,-117.42,HH,Waste,106841,6
1007276,EDINBURG,TX,78539,26.4,-98.13,HH,Waste,106855.25,6
1005117,LAWRENCE,KS,66044,38.97,-95.24,"C,HH",Waste,107070.15,6
1003680,SANTEE,CA,92071,32.86,-117.03,HH,Waste,107174.75,6
1002158,LINCOLN,NE,68517,40.91,-96.64,"C,HH",Waste,107212.148,6
1003616,MUSKOGEE,OK,74401,35.72,-95.43,HH,Waste,107606.5,6
1003960,Manton,MI,49663,44.35,-85.4,"C,HH",Waste,107794.734,6
1002478,GRIFFIN,GA,30223,33.24,-84.12,HH,Waste,108185.25,6
1007724,DEKALB,IL,60115,41.9,-88.69,"C,HH",Waste,108462.54,6
1011256,San Antonio,TX,78223,29.33,-98.67,HH,Waste,108526,6
1007835,BENNINGTON,NE,68007,41.38,-96.25,"C,HH",Waste,108560.986,6
1004487,BUFORD,GA,30518,34.13,-84.04,HH,Waste,108710.5,6
1006300,LITTLE PLYMOUTH,VA,23091,37.67,-76.77,HH,Waste,109229,6
1006737,LANSING,MI,48906,42.77,-84.53,"C,HH",Waste,109952.124,6
1003337,Henderson,TX,75653,32.12,-94.71,"C,HH",Waste,110117.1,6
1010379,Moss Point,MS,39552,30.51,-88.54,HH,Waste,110296.25,6
1004417,KERMAN,CA,93630,36.67,-120.14,"C,HH",Waste,110383.5,6
1006465,ALVARADO,TX,76009,32.36,-97.2,"C,HH",Waste,110639.5,6
1003481,ST. PAULS,NC,28384,34.79,-78.91,"C,HH",Waste,111151.75,6
1002085,Bishop,TX,78343,27.63,-97.57,"C,HH",Waste,111197.4,6
1002561,HARRISBURG,PA,17104,40.24,-76.85,C,Waste,111205.392,6
1002683,INDIANAPOLIS,IN,46221,39.72,-86.21,"C,HH",Waste,111496.29,6
1002899,Nokomis,FL,34275,27.2,-82.39,HH,Waste,111809.75,6
1003639,TEMPLE,TX,76501,31.08,-97.31,HH,Waste,111909,6
1007240,Elizabethtown,KY,42701,37.73,-85.72,HH,Waste,112252.75,6
1005158,Arecibo,PR,612,18.42,-66.74,"C,HH",Waste,112354.298,6
1002567,MORRISON,IL,61270,41.79,-89.89,"C,HH",Waste,112557.5,6
1004298,Farmerville,LA,71241,32.81,-92.41,HH,Waste,112998.25,6
1004119,BERWICK,LA,70342,29.68,-91.24,HH,Waste,113832.75,6
1006228,SALINAS,PR,751,17.98,-66.3,HH,Waste,113870,6
1005295,NEWARK,MD,21841,38.22,-75.34,HH,Waste,114493.5,6
1006351,JACKSON,SC,29831,33.28,-81.8,HH,Waste,114497,6
1007969,OBERLIN,OH,44074,41.29,-82.17,HH,Waste,115258.25,6
1007799,HUTTO,TX,78634,30.6,-97.55,HH,Waste,115461.5,6
1003322,PETERSBURG,VA,23803,37.24,-77.37,HH,Waste,115574.25,6
1007682,AZUSA,CA,91702,34.11,-117.93,"C,HH",Waste,116148.5,6
1004025,BUCHANAN,MI,49107,41.81,-86.33,"C,HH",Waste,116405.15,6
1004287,SAUGUS,MA,1906,42.45,-70.98,C,Waste,116499.184,6
1004572,TAMPA,FL,33605,27.95,-82.42,C,Waste,116622.412,6
1002249,PONTIAC,IL,61764,40.93,-88.66,"C,HH",Waste,116700.5,6
1004848,BRISTOL,VA,24201,36.6,-82.15,HH,Waste,116799,6
1002556,MORGANTOWN,PA,19543,40.12,-75.9,"C,HH",Waste,117413.898,6
1002234,Ardmore,OK,73402,34.2,-97.04,"C,HH",Waste,117957.932,6
1004884,Brownsville,TX,78521,25.94,-97.4,HH,Waste,118640,6
1007693,CORONA,CA,92883,33.78,-117.47,"C,HH",Waste,119081.15,6
1001813,ALEXANDRIA,VA,22304,38.8,-77.13,C,Waste,119283.354,6
1002512,JACKSONVILLE,TX,75766,32,-95.27,HH,Waste,120629.5,6
1006107,LAKE VIEW TERRACE,CA,91342,34.29,-118.4,HH,Waste,120759.75,6
1008030,CHULA VISTA,CA,91911,32.61,-117.01,HH,Waste,121002,6
1000783,Nampa,ID,83686,43.49,-116.7,HH,Waste,121155.5,6
1003339,Iowa Park,TX,76367,33.95,-98.68,"C,HH",Waste,121277.2,6
1003035,New Bern,NC,28562,34.94,-76.95,HH,Waste,121381,6
1006462,MANSFIELD,LA,71052,32.06,-93.59,HH,Waste,121417.75,6
1003687,CANTON TWP,MI,48188,42.27,-83.46,"C,HH",Waste,121644.8,6
1003001,WHITESBORO,TX,76273,33.63,-96.84,HH,Waste,121740.75,6
1003514,SEDALIA,MO,65301,38.72,-93.3,HH,Waste,121855.25,6
1002106,SAN JUAN CAPISTRANO,CA,92675,33.49,-117.63,HH,Waste,121884.5,6
1007812,MONTICELLO,IN,47960,40.88,-86.7,"C,HH",Waste,122792.26,6
1002222,Cherokee Village,AR,72529,36.28,-91.63,"C,HH",Waste,123024.5,6
1006485,Yuma,AZ,85365,32.54,-114.62,HH,Waste,123523.25,6
1007863,Fountain,CO,80817,38.55,-104.66,"C,HH",Waste,123868.85,6
1002538,Midland,TX,79701,32,-102.08,HH,Waste,124222,6
1003691,BROOK,IN,47922,40.87,-87.36,"C,HH",Waste,124290.748,6
1007880,AULT,CO,80610,40.59,-104.83,"C,HH",Waste,124617.938,6
1004011,PITTSBURG,CA,94565,38.01,-121.94,HH,Waste,125026,6
1011217,Nelsonville,OH,45764,39.46,-82.28,HH,Waste,125374,6
1005480,Abernathy,TX,79311,33.87,-101.87,HH,Waste,125447.75,6
1002400,EAST NORTHPORT,NY,11731,40.88,-73.29,C,Waste,125615.812,6
1004916,YAKIMA,WA,98901,46.61,-120.39,"C,HH",Waste,125721.35,6
1002134,BEAUMONT,CA,92223,33.88,-116.99,HH,Waste,126010,6
1002906,WILLARD,MO,65781,37.38,-93.34,"C,HH",Waste,126194,6
1002643,CAMPBELL,TX,75422,33.18,-95.88,"C,HH",Waste,126381.1,6
1005138,Graham,NC,27253,35.93,-79.29,HH,Waste,127969,6
1001909,PUNTA GORDA,FL,33955,26.79,-81.96,"C,HH",Waste,129739.208,6
1005518,HARTVILLE,MO,65667,37.24,-92.46,HH,Waste,130676.75,6
1003284,Monroe,LA,71203,32.49,-91.97,"C,HH",Waste,131183.644,6
1002223,MANY,LA,71443,31.61,-93.56,HH,Waste,131196.25,6
1006103,MILAN,OH,44846,41.34,-82.6,HH,Waste,131721.25,6
1006957,MONTGOMERY,AL,36104,32.41,-86.32,HH,Waste,132150.5,6
1007298,East Brunswick,NJ,8816,40.47,-74.39,"C,HH",Waste,132296.3,6
1002359,Charleston,WV,25304,38.32,-81.61,"C,HH",Waste,132550.398,6
1000477,BILLINGS,MT,59101,45.72,-108.54,HH,Waste,132607.25,6
1005665,Beaumont,TX,77705,29.93,-93.94,HH,Waste,132837.5,6
1004065,SHAWNEE,KS,66217,39.04,-94.79,"C,HH",Waste,132890.1,6
1005347,BUDA,TX,78610,30.1,-97.76,HH,Waste,133165.5,6
1002509,Odessa,TX,79764,31.75,-102.55,HH,Waste,133496.5,6
1008269,East Saint Louis,IL,62201,38.66,-90.13,"C,HH",Waste,133750.756,6
1004099,CHARLESTON,SC,29414,32.82,-80.11,HH,Waste,134528.5,6
1007785,Beckley,WV,25801,37.82,-81.17,HH,Waste,135418.25,6
1003695,BRYAN,OH,43506,41.52,-84.59,"C,HH",Waste,135515.7,6
1005825,SHELBY,NC,28152,35.3,-81.55,HH,Waste,135704.75,6
1006634,Irving,TX,75060,32.81,-96.96,HH,Waste,136275.25,6
1010957,Dothan,AL,36303,31.24,-85.36,HH,Waste,136287.25,6
1004752,ST. CLOUD,FL,34773,28.06,-81.1,"C,HH",Waste,136702.052,6
1004963,Tulsa,OK,74107,36.13,-96.02,C,Waste,137368.106,6
1000362,CAMDEN,NJ,8104,39.91,-75.12,C,Waste,137577.936,6
1005973,GLASGOW,KY,42141,36.99,-85.97,HH,Waste,137760.75,6
1006176,WILMINGTON,IL,60481,41.35,-88.1,"C,HH",Waste,137951.696,6
1003826,WAVERLY,VA,23890,37.06,-77.18,"C,HH",Waste,138227.898,6
1002554,Waco,TX,76712,31.49,-97.23,"C,HH",Waste,138576.6,6
1002008,BROOKSVILLE,FL,34614,28.67,-82.48,HH,Waste,139251,6
1003243,SPRING HILL,FL,34610,28.37,-82.56,"C,HH",Waste,139657.548,6
1007879,Gonic,NH,3839,43.27,-70.99,"C,HH",Waste,139836.73,6
1004041,HONEA PATH,SC,29654,34.54,-82.31,"C,HH",Waste,139865.222,6
1007591,Deweyville,TX,77614,30.34,-93.84,HH,Waste,140455.25,6
1010773,Ovett,MS,39464,31.41,-89.09,HH,Waste,140827,6
1005834,LEWISVILLE,TX,75067,33.02,-96.96,"C,HH",Waste,141108.018,6
1005314,SAVANNAH,GA,31405,32.06,-81.21,HH,Waste,141320.75,6
1003340,LONG BEACH,CA,90802,33.76,-118.24,C,Waste,141838.848,6
1006224,KENNEDALE,TX,76140,32.65,-97.24,HH,Waste,142161,6
1007801,OKLAHOMA CITY,OK,73141,35.51,-97.42,HH,Waste,143376,6
1002964,Wichita Falls,TX,76307,33.87,-98.65,HH,Waste,143776.25,6
1005281,Woodlawn,TN,37191,36.54,-87.54,HH,Waste,145347.75,6
1003865,MIDLAND,MI,48642,43.63,-84.17,"C,HH",Waste,145668.87,6
1009541,Green Bay,WI,54307,44.51,-88.13,TT,Waste,146245.25,6
1004497,Smiths Creek,MI,48074,42.92,-82.59,"C,HH",Waste,146825.3,6
1006881,OCALA,FL,34480,29.12,-82.06,HH,Waste,146858,6
1004544,HAZEN,AR,72064,34.85,-91.59,HH,Waste,148166.5,6
1007082,COLUMBIANA,AL,35051,33.17,-86.69,HH,Waste,148553.75,6
1006028,BIRMINGHAM,AL,35217,33.59,-86.82,HH,Waste,148859.75,6
1007112,HALF MOON BAY,CA,94019,37.5,-122.41,HH,Waste,148918.5,6
1006223,LELAND,MS,38756,33.4,-90.91,HH,Waste,149010.25,6
1002863,DALTON,GA,30721,34.65,-84.96,HH,Waste,149102.75,6
1002951,BERGEN,NY,14416,43.06,-77.93,"C,HH",Waste,149184.674,6
1004200,WOODBINE,NJ,8270,39.23,-74.77,"C,HH",Waste,149412.684,6
1005061,SAN DIEGO,CA,92111,32.84,-117.15,HH,Waste,152566,6
1006179,MILPITAS,CA,95035,37.46,-121.94,HH,Waste,153206.75,6
1007699,Livermore,CA,94551,37.72,-121.68,"C,HH",Waste,153518.76,6
1008022,Georgetown,KY,40324,38.34,-84.55,"C,HH",Waste,153636.988,6
1004037,SLOUGHHOUSE,CA,95683,38.52,-121.2,"C,HH",Waste,154436.942,6
1006647,YORK,PA,17406,40,-76.72,C,Waste,154604.982,6
1006978,GREENSBORO,NC,27405,36.11,-79.72,HH,Waste,156615,6
1004328,JANESVILLE,WI,53547,42.68,-89.03,HH,Waste,156800.75,6
1004408,APEX,NC,27502,35.67,-78.85,HH,Waste,157525,6
1007440,Loudon,TN,37774,35.74,-84.42,HH,Waste,158385.75,6
1004042,WATERLOO,NY,13165,42.92,-76.85,"C,HH",Waste,159035.5,6
1001636,VALDOSTA,GA,31601,30.81,-83.36,HH,Waste,160012.5,6
1003099,CONCORD,NC,28027,35.35,-80.68,HH,Waste,160698.25,6
1003560,LITHIA,FL,33547,27.76,-82.2,"C,HH",Waste,162090.45,6
1013633,Randleman,NC,27317,35.74,-79.74,"C,HH",Waste,162532.55,6
1004795,Minneapolis,MN,55405,44.98,-93.28,C,Waste,162738.678,6
1002992,CASTAIC,CA,91384,34.43,-118.65,HH,Waste,163207,6
1000010,MILTON,FL,32583,30.58,-87.06,HH,Waste,163446.75,6
1007677,Bainbridge,PA,17502,40.07,-76.64,C,Waste,163587.672,6
1007857,MEDLEY,FL,33178,25.86,-80.35,HH,Waste,163784.75,6
1001637,DAVIS JUNCTION,IL,61020,42.14,-89.09,"C,HH",Waste,164238.398,6
1008019,Colorado Springs,CO,80929,38.85,-104.57,"C,HH",Waste,166013.2,6
1000287,WATERLOO,IA,50701,42.41,-92.33,HH,Waste,167365.25,6
1003582,WAYNE,MI,48184,42.26,-83.43,"C,HH",Waste,168002.848,6
1007884,CONSHOHOCKEN,PA,19428,40.1,-75.31,C,Waste,168004.076,6
1006772,JAMESVILLE,NY,13078,43,-76.11,C,Waste,168902.82,6
1010661,Trinty,AL,35673,34.63,-87.1,HH,Waste,169498.25,6
1004101,NORTH ANDOVER,MA,1845,42.73,-71.12,C,Waste,170130.938,6
1007341,EAGLE RIVER,AK,99577,61.29,-149.6,"C,HH",Waste,170583.85,6
1001614,FARGO,ND,58102,46.88,-96.87,HH,Waste,171701.5,6
1005656,CANTONMENT,FL,32533,30.58,-87.39,HH,Waste,172168.5,6
1004969,PORTSMOUTH,VA,23704,36.81,-76.3,C,Waste,172373.548,6
1004460,Laredo,TX,78044,27.5,-99.4,HH,Waste,174249.5,6
1002547,PONTOTOC,MS,38863,34.29,-89.06,HH,Waste,176986.25,6
1007521,SUMPTER TWP,MI,48164,42.09,-83.43,"C,HH",Waste,179349.85,6
1003697,ROXANA,IL,62084,38.82,-90.01,"C,HH",Waste,180470.7,6
1007615,MORRISVILLE,PA,19067,40.16,-74.78,"C,HH",Waste,182003.838,6
1004476,Pimento,IN,47866,39.31,-87.34,"C,HH",Waste,184643,6
1007357,Abilene,TX,79601,32.53,-99.75,HH,Waste,185470.75,6
1007648,FAIRPORT,NY,14450,43.09,-77.39,"C,HH",Waste,186531.658,6
1006267,MILLBURY,MA,1527,42.22,-71.77,C,Waste,192425.222,6
1006282,MORRISVILLE,PA,19067,40.16,-74.77,C,Waste,192597.468,6
1002276,BUCYRUS,OH,44820,40.81,-82.87,"C,HH",Waste,193834.05,6
1002466,MEMPHIS,TN,38116,35,-89.91,"C,HH",Waste,194231.65,6
1004341,ALBUQUERQUE,NM,87121,35.01,-106.88,"C,HH",Waste,194513.4,6
1002425,GEORGETOWN,OH,45121,38.9,-83.9,"C,HH",Waste,195836.798,6
1005928,FORT COLLINS,CO,80526,40.5,-105.12,"C,HH",Waste,195915.248,6
1007605,WICHITA,KS,67205,37.76,-97.39,"C,HH",Waste,196389.95,6
1003260,LOCKWOOD,NV,89434,39.49,-119.61,"C,HH",Waste,197059.258,6
1002552,SAND SPRINGS,OK,74063,36.16,-96.19,"C,HH",Waste,201369.748,7
1003333,Ranger,GA,30734,34.56,-84.78,HH,Waste,203309,7
1002765,Hartford,CT,6114,41.75,-72.65,C,Waste,204064.892,7
1002996,MORRISTOWN,IN,46161,39.68,-85.73,"C,HH",Waste,204263.192,7
1003601,RIVERVIEW,MI,48192,42.16,-83.21,"C,HH",Waste,204738.85,7
1007745,LENOX,MI,48048,42.76,-82.75,"C,HH",Waste,204869.458,7
1004449,Becker,MN,55308,45.35,-93.87,TT,Waste,204900.5,7
1004491,ROWLETT,TX,75089,32.96,-96.53,"C,HH",Waste,205602.298,7
1005090,OWENSBORO,KY,42301,37.67,-87.28,"C,HH",Waste,205903.4,7
1007816,SIMI VALLEY,CA,93065,34.25,-118.82,"C,HH",Waste,207721.996,7
1006186,ELBA,AL,36323,31.51,-86,HH,Waste,209650.75,7
1003787,GROVE CITY,OH,43123,39.84,-83.11,"C,HH",Waste,210758.5,7
1004014,Gardendale,AL,35071,33.71,-86.86,HH,Waste,210821,7
1002269,RAHWAY,NJ,7065,40.6,-74.28,C,Waste,211114.012,7
1002010,WILMINGTON,DE,19809,39.73,-75.52,HH,Waste,213309.75,7
1008034,NORTHVILLE,MI,48167,42.41,-83.56,"C,HH",Waste,213862.45,7
1000623,DICKERSON,MD,20842,39.2,-77.46,C,Waste,215247.25,7
1005839,HUNTSVILLE,AL,35804,34.69,-86.59,HH,Waste,215686.25,7
1005054,TINTON FALLS,NJ,7753,40.25,-74.11,"C,HH",Waste,218381.1,7
1002730,Dayton,TN,37321,35.56,-84.91,HH,Waste,224058.75,7
1005920,TAMPA,FL,33619,27.95,-82.34,C,Waste,224095.092,7
1005316,EL PASO,TX,79928,31.6,-106.17,HH,Waste,226817,7
1006383,WAVERLY,OH,45690,39.08,-82.96,"C,HH",Waste,227170.2,7
1010596,New Lexington,OH,43764,39.73,-82.14,"C,HH",Waste,228181.7,7
1006183,TALLASSEE,AL,36078,32.52,-85.83,HH,Waste,228873.75,7
1005270,JEFFERSONVILLE,KY,40337,37.95,-83.95,"C,HH",Waste,229212.75,7
1003394,CONWAY,SC,29526,33.82,-78.97,"C,HH",Waste,229272.692,7
1002813,Belton,SC,29627,34.57,-82.46,HH,Waste,229978.25,7
1007989,ARLINGTON,OR,97812,45.63,-120.22,"C,HH",Waste,230590.434,7
1004856,Cincinnati,OH,45251,39.27,-84.6,"C,HH",Waste,233272.938,7
1006899,HOUSTON,TX,77078,29.82,-95.24,HH,Waste,235665,7
1002268,FORT MYERS,FL,33905,26.63,-81.76,C,Waste,236817.372,7
1004244,PEEKSKILL,NY,10566,41.28,-73.94,C,Waste,236944.018,7
1005179,HAVERHILL,MA,1835,42.77,-71.12,C,Waste,241167.654,7
1002321,NEEDVILLE,TX,77461,29.4,-95.72,HH,Waste,241705.25,7
1005717,AVONDALE,LA,70094,29.94,-90.27,"C,HH",Waste,241999.936,7
1003676,ROOSEVELT,WA,99356,45.8,-120.18,"C,HH",Waste,244654.894,7
1007856,POMPANO BEACH,FL,33073,26.29,-80.15,"C,HH",Waste,244679.206,7
1007852,FERRIS,TX,75125,32.55,-96.67,"C,HH",Waste,244893.414,7
1007822,MAPLE VALLEY,WA,98038,47.46,-122.05,"C,HH",Waste,245041.598,7
1002471,San Antonio,TX,78219,29.45,-98.35,HH,Waste,246397.75,7
1007674,KING GEORGE,VA,22485,38.28,-77.31,"C,HH",Waste,247207.698,7
1003740,BLYTHE,GA,30805,33.35,-82.14,HH,Waste,249193.25,7
1009077,MIAMI,FL,33178,25.84,-80.36,C,Waste,250460.902,7
1002065,BEAUMONT,TX,77705,30.04,-94.13,HH,Waste,251792.75,7
1012058,Lake Panasoffkee,FL,33538,28.74,-82.09,HH,Waste,255049.25,7
1007875,SUMMERDALE,AL,36580,30.44,-87.77,HH,Waste,257335.75,7
1007154,El Paso,TX,79934,31.98,-106.42,HH,Waste,263063,7
1004550,Marina,CA,93933,36.7,-121.79,"C,HH",Waste,265776.266,7
1002511,Keithville,LA,71047,32.35,-93.9,HH,Waste,272337.5,7
1000349,GENEVA,FL,32732,28.79,-81.08,HH,Waste,286129.75,7
1007800,HUMBLE,TX,77396,29.95,-95.25,HH,Waste,288162.5,7
1008180,Castle Rock,WA,98611,46.25,-122.78,"C,HH",Waste,288275.618,7
1004283,BRIDGEPORT,CT,6605,41.16,-73.21,C,Waste,290551.268,7
1011449,West Covina,CA,91792,34.04,-117.9,HH,Waste,293641.5,7
1003732,MODEL CITY,NY,14107,43.21,-78.98,"C,HH",Waste,294118.15,7
1007914,KAPOLEI,HI,96707,21.3,-158.11,C,Waste,296714.306,7
1004094,BALTIMORE,MD,21230,39.26,-76.62,C,Waste,298884.122,7
1000293,INDIANAPOLIS,IN,46221,39.73,-86.19,C,Waste,300441.904,7
1006358,ROCKFORD,IL,61109,42.16,-89.06,"C,HH",Waste,303374.55,7
1005638,ELLENWOOD,GA,30294,33.66,-84.26,"C,HH",Waste,307362.16,7
1004377,MELISSA,TX,75454,33.3,-96.54,HH,Waste,314493.75,7
1003439,San Antonio,TX,78252,29.34,-98.65,"C,HH",Waste,314948.75,7
1005891,FRESNO,TX,77545,29.56,-95.44,HH,Waste,317433.25,7
1004531,FT. LAUDERDALE,FL,33314,26.07,-80.21,C,Waste,318903.64,7
1004815,WELLSTON,OH,45692,39.13,-82.47,"C,HH",Waste,326802.55,7
1004750,Bartow,FL,33830,27.89,-81.8,"C,HH",Waste,332526.25,7
1005328,PORT ORANGE,FL,32128,29.13,-81.07,"C,HH",Waste,336658.85,7
1002107,IRVINE,CA,92602,33.72,-117.7,HH,Waste,336677.75,7
1006177,LORTON,VA,22079,38.7,-77.24,C,Waste,337101.418,7
1007094,ASHLAND,KY,41102,38.37,-82.76,HH,Waste,350027.5,7
1002398,WESTBURY,NY,11590,40.74,-73.59,C,Waste,351950.54,7
1001884,ST. PETERSBURG,FL,33716,27.87,-82.67,"C,HH",Waste,358877.586,7
1004216,NEWARK,NJ,7105,40.74,-74.13,C,Waste,359025.548,7
1008252,Maryland Heights,MO,63043,38.74,-90.46,HH,Waste,376856.75,7
1003679,SYLMAR,CA,91342,34.32,-118.5,HH,Waste,381572.25,7
1006038,CHESTER,PA,19013,39.83,-75.39,C,Waste,383033.476,7
1006817,Dallas,TX,75241,32.68,-96.72,"C,HH",Waste,396327.25,7
1005493,ZACHARY,LA,70791,30.6,-91.22,"C,HH",Waste,403100.25,7
1007124,MAUK,GA,31058,32.53,-84.44,HH,Waste,419754.75,7
1014304,Suffolk,VA,23434,36.76,-76.51,"C,HH",Waste,425312.294,7
1002320,BREA,CA,92823,33.94,-117.84,HH,Waste,440492.25,7
1004850,SHILOH,OH,44878,40.97,-82.49,HH,Waste,444195,7
1004245,COKER,AL,35452,33.24,-87.65,HH,Waste,452070.25,7
1005710,ROCHESTER,MA,2770,41.8,-70.79,C,Waste,457308.7,7
1006859,Winter Haven,FL,33880,28.02,-81.84,"C,HH",Waste,467264.996,7
1002489,MONTROSE,MI,48457,43.17,-83.84,"C,HH",Waste,505596.8,7
1005023,COCOA,FL,32926,28.4,-80.82,"C,HH",Waste,554997.964,7
1006777,AMSTERDAM,OH,43903,40.43,-80.91,"C,HH",Waste,573401.45,7
1004399,Dover,OH,44622,40.51,-81.54,HH,Waste,634660,7
1003710,BALL GROUND,GA,30107,34.32,-84.25,HH,Waste,772982.5,7
1004118,ROSEBORO,NC,28382,34.96,-78.45,HH,Waste,824567.75,7
1007820,WEST PALM BEACH,FL,33412,26.79,-80.14,"C,HH",Waste,1013387.058,7